window_start,source,service,src_ip_hash,src_ip_masked,attempts,success_count,unique_users,unique_passwords,pass_entropy_mean,mean_interarrival_s,min_interarrival_s,users_per_attempt,passwords_per_attempt,success_rate,log_attempts,log_unique_users,log_unique_passwords,baseline_alert,if_pred,if_score
<<<<<<< HEAD
2025-07-20 08:25:00+00:00,cowrie,ssh,f17d8440265f1abf,14.103.112.0/24,1,0,1,1,0.0,2404891.3925631046,2404891.3925631046,1.0,1.0,0.0,0.6931471805599453,0.6931471805599453,0.6931471805599453,0,1,-0.07994339356263391
2025-07-27 10:45:00+00:00,cowrie,ssh,9a8666c1598b0130,203.195.64.0/24,1,0,1,1,1.0,3318477.8614239693,3318477.8614239693,1.0,1.0,0.0,0.6931471805599453,0.6931471805599453,0.6931471805599453,0,1,-0.07642489595356239
2025-08-01 00:45:00+00:00,cowrie,ssh,8394fe100696b7a9,154.125.125.0/24,1,0,1,1,1.0,3178836.6710119247,3178836.6710119247,1.0,1.0,0.0,0.6931471805599453,0.6931471805599453,0.6931471805599453,0,1,-0.07642489595356239
2025-07-24 17:35:00+00:00,cowrie,ssh,fd9e44ef3fe8c123,123.58.213.0/24,1,0,1,1,4.584962500721156,2488863.626270056,2488863.626270056,1.0,1.0,0.0,0.6931471805599453,0.6931471805599453,0.6931471805599453,0,1,-0.07459179895464918
2025-07-26 09:55:00+00:00,cowrie,ssh,1e3481c035a6f57c,177.182.181.0/24,1,0,1,1,3.7004397181410926,2763575.4664399624,2763575.4664399624,1.0,1.0,0.0,0.6931471805599453,0.6931471805599453,0.6931471805599453,0,1,-0.07355266724037957
2025-07-31 08:25:00+00:00,cowrie,ssh,a014f2a9bf39adc4,118.107.44.0/24,1,0,1,1,3.584962500721156,3884467.4913311005,3884467.4913311005,1.0,1.0,0.0,0.6931471805599453,0.6931471805599453,0.6931471805599453,0,1,-0.07251340621495161
2025-07-23 08:55:00+00:00,cowrie,ssh,ecf1b2929e8606fa,178.62.17.0/24,1,0,1,1,1.0,2308848.3053929806,2308848.3053929806,1.0,1.0,0.0,0.6931471805599453,0.6931471805599453,0.6931471805599453,0,1,-0.07212915243732576
2025-07-28 15:55:00+00:00,cowrie,ssh,4f6147983fbfba0b,156.38.18.0/24,1,0,1,1,1.0,2316891.740904808,2316891.740904808,1.0,1.0,0.0,0.6931471805599453,0.6931471805599453,0.6931471805599453,0,1,-0.07212915243732576
2025-07-27 02:50:00+00:00,cowrie,ssh,2c80e699229bb714,12.189.234.0/24,1,0,1,1,1.061278124459133,2516417.048145056,2516417.048145056,1.0,1.0,0.0,0.6931471805599453,0.6931471805599453,0.6931471805599453,0,1,-0.0708467462265322
2025-07-30 07:10:00+00:00,cowrie,ssh,4443fa539b390847,171.220.244.0/24,1,0,1,1,3.584962500721156,3545418.424357891,3545418.424357891,1.0,1.0,0.0,0.6931471805599453,0.6931471805599453,0.6931471805599453,0,1,-0.07069867281474007
2025-07-28 03:45:00+00:00,cowrie,ssh,440d5d59cbd2389a,103.63.108.0/24,1,0,1,1,1.584962500721156,2788276.931175947,2788276.931175947,1.0,1.0,0.0,0.6931471805599453,0.6931471805599453,0.6931471805599453,0,1,-0.07065619904379472
2025-08-03 14:15:00+00:00,cowrie,ssh,88ca25b19d877a32,14.103.107.0/24,1,0,1,1,1.9219280948873623,3675759.9447660446,3675759.9447660446,1.0,1.0,0.0,0.6931471805599453,0.6931471805599453,0.6931471805599453,0,1,-0.07027016315458279
2025-08-04 20:35:00+00:00,cowrie,ssh,0e6debe44bff754d,210.79.142.0/24,1,0,1,1,3.321928094887362,3670807.787744999,3670807.787744999,1.0,1.0,0.0,0.6931471805599453,0.6931471805599453,0.6931471805599453,0,1,-0.0699614266298263
2025-07-24 21:40:00+00:00,cowrie,ssh,1d4719d0ef363ca8,183.236.205.0/24,1,0,1,1,0.8112781244591328,2056330.0918681622,2056330.0918681622,1.0,1.0,0.0,0.6931471805599453,0.6931471805599453,0.6931471805599453,0,1,-0.06957651038801904
2025-07-31 13:40:00+00:00,cowrie,ssh,edf6d6f82f2ea416,1.214.197.0/24,1,0,1,1,2.0,3605132.620844841,3605132.620844841,1.0,1.0,0.0,0.6931471805599453,0.6931471805599453,0.6931471805599453,0,1,-0.06926549905845059
2025-07-30 09:40:00+00:00,cowrie,ssh,d24157f8d28471f8,154.221.19.0/24,1,0,1,1,3.084962500721156,4012123.326169014,4012123.326169014,1.0,1.0,0.0,0.6931471805599453,0.6931471805599453,0.6931471805599453,0,1,-0.06915606546536524
2025-08-05 19:55:00+00:00,cowrie,ssh,43274706dec311c3,63.116.23.0/24,1,0,1,1,0.0,1771545.562374115,1771545.562374115,1.0,1.0,0.0,0.6931471805599453,0.6931471805599453,0.6931471805599453,0,1,-0.06894682636678984
2025-07-30 02:50:00+00:00,cowrie,ssh,315a72b810eceb2d,185.213.165.0/24,1,0,1,1,3.169925001442312,3682076.422396183,3682076.422396183,1.0,1.0,0.0,0.6931471805599453,0.6931471805599453,0.6931471805599453,0,1,-0.06890514880322518
2025-07-31 10:30:00+00:00,cowrie,ssh,204154d9ecedfd5d,180.184.78.0/24,1,0,1,1,3.169925001442312,3663749.8198490143,3663749.8198490143,1.0,1.0,0.0,0.6931471805599453,0.6931471805599453,0.6931471805599453,0,1,-0.06890514880322518
2025-08-05 04:25:00+00:00,cowrie,ssh,a426efdb51d82efc,101.36.126.0/24,1,0,1,1,3.169925001442312,4065332.2663939,4065332.2663939,1.0,1.0,0.0,0.6931471805599453,0.6931471805599453,0.6931471805599453,0,1,-0.06890514880322518
2025-08-05 08:55:00+00:00,cowrie,ssh,d42a4e26c205c802,20.127.224.0/24,1,0,1,1,3.169925001442312,3826953.6504740715,3826953.6504740715,1.0,1.0,0.0,0.6931471805599453,0.6931471805599453,0.6931471805599453,0,1,-0.06890514880322518
2025-07-19 13:55:00+00:00,cowrie,ssh,5f9c1b572e708606,106.37.72.0/24,1,0,1,1,3.6644977792004623,2628869.237528801,2628869.237528801,1.0,1.0,0.0,0.6931471805599453,0.6931471805599453,0.6931471805599453,0,1,-0.06774538099273164
2025-07-31 21:10:00+00:00,cowrie,ssh,25d295fdd98221ea,140.249.22.0/24,1,0,1,1,3.0,3912818.7994070053,3912818.7994070053,1.0,1.0,0.0,0.6931471805599453,0.6931471805599453,0.6931471805599453,0,1,-0.0677409375933179
2025-08-02 15:50:00+00:00,cowrie,ssh,500a834579a66be7,106.75.163.0/24,1,0,1,1,3.418295834054489,3522544.506305933,3522544.506305933,1.0,1.0,0.0,0.6931471805599453,0.6931471805599453,0.6931471805599453,0,1,-0.06768448394534476
2025-07-27 17:50:00+00:00,cowrie,ssh,649fdd79dc439a6e,47.251.102.0/24,1,0,1,1,3.095795255000934,3518240.9442970753,3518240.9442970753,1.0,1.0,0.0,0.6931471805599453,0.6931471805599453,0.6931471805599453,0,1,-0.06759989831113489
2025-07-30 07:20:00+00:00,cowrie,ssh,8f395065754d5172,170.83.79.0/24,1,0,1,1,1.9182958340544896,2990995.8740570545,2990995.8740570545,1.0,1.0,0.0,0.6931471805599453,0.6931471805599453,0.6931471805599453,0,1,-0.06745867509651804
2025-07-30 07:25:00+00:00,cowrie,ssh,9fec5586e01617f4,170.83.79.0/24,1,0,1,1,3.321928094887362,2984446.864520073,2984446.864520073,1.0,1.0,0.0,0.6931471805599453,0.6931471805599453,0.6931471805599453,0,1,-0.06715110689434822
2025-07-31 05:40:00+00:00,cowrie,ssh,5b36a8472e3db7d4,103.146.159.0/24,1,0,1,1,3.169925001442312,3125478.199051857,3125478.199051857,1.0,1.0,0.0,0.6931471805599453,0.6931471805599453,0.6931471805599453,0,1,-0.06709920238118683
2025-07-24 09:45:00+00:00,cowrie,ssh,9d97010b945aac8e,103.243.27.0/24,1,0,1,1,3.169925001442312,3143540.038349867,3143540.038349867,1.0,1.0,0.0,0.6931471805599453,0.6931471805599453,0.6931471805599453,0,1,-0.06709920238118683
2025-07-26 16:40:00+00:00,cowrie,ssh,e767208927692dd3,91.92.199.0/24,1,0,1,1,3.169925001442312,3051572.786416054,3051572.786416054,1.0,1.0,0.0,0.6931471805599453,0.6931471805599453,0.6931471805599453,0,1,-0.06609882624055818
2025-07-16 14:00:00+00:00,cowrie,ssh,f6623a8a9901f957,103.181.143.0/24,1,0,1,1,3.906890595608518,1919746.3378481865,1919746.3378481865,1.0,1.0,0.0,0.6931471805599453,0.6931471805599453,0.6931471805599453,0,1,-0.06604590920108144
2025-07-19 05:50:00+00:00,cowrie,ssh,c05fb312d216d195,83.234.160.0/24,1,0,1,1,2.0,2683819.7620420456,2683819.7620420456,1.0,1.0,0.0,0.6931471805599453,0.6931471805599453,0.6931471805599453,0,1,-0.06595788938430691
2025-07-24 10:20:00+00:00,cowrie,ssh,86f8b6f11e4fa356,113.125.140.0/24,1,0,1,1,3.0,3145145.197044134,3145145.197044134,1.0,1.0,0.0,0.6931471805599453,0.6931471805599453,0.6931471805599453,0,1,-0.06593782630672673
2025-07-25 23:55:00+00:00,cowrie,ssh,4d1ff52e39def27f,159.223.37.0/24,1,0,1,1,3.0,3203930.0955369473,3203930.0955369473,1.0,1.0,0.0,0.6931471805599453,0.6931471805599453,0.6931471805599453,0,1,-0.06593782630672673
2025-07-21 08:10:00+00:00,cowrie,ssh,ac85f3e7d6595371,59.36.78.0/24,1,0,1,1,3.418295834054489,2682320.753284931,2682320.753284931,1.0,1.0,0.0,0.6931471805599453,0.6931471805599453,0.6931471805599453,0,1,-0.06593332921460793
2025-07-12 05:15:00+00:00,cowrie,ssh,6dfece6e2db46f53,89.168.115.0/24,236,0,5,87,1.0823678684872735,1.059432584350392,1.0349600315093994,0.0211864406779661,0.3686440677966102,0.0,5.4680601411351315,1.791759469228055,4.477336814478207,1,1,-0.06583485729192473
2025-07-22 04:15:00+00:00,cowrie,ssh,1759ac9a3fd2fcab,14.103.123.0/24,1,0,1,1,3.277613436819116,2657727.050346136,2657727.050346136,1.0,1.0,0.0,0.6931471805599453,0.6931471805599453,0.6931471805599453,0,1,-0.06565094483829681
2025-07-17 13:20:00+00:00,cowrie,ssh,581dea0bfc579c44,220.246.66.0/24,1,0,1,1,0.0,1588471.1431570053,1588471.1431570053,1.0,1.0,0.0,0.6931471805599453,0.6931471805599453,0.6931471805599453,0,1,-0.06519303370834029
2025-07-18 01:45:00+00:00,cowrie,ssh,f0af9ee0af2fd97d,122.187.229.0/24,1,0,1,1,0.0,1586810.7493429184,1586810.7493429184,1.0,1.0,0.0,0.6931471805599453,0.6931471805599453,0.6931471805599453,0,1,-0.06519303370834029
2025-07-27 15:30:00+00:00,cowrie,ssh,3a9f4a61c4b777dc,113.31.124.0/24,1,0,1,1,2.807354922057604,3383207.1772949696,3383207.1772949696,1.0,1.0,0.0,0.6931471805599453,0.6931471805599453,0.6931471805599453,0,1,-0.06515968671968475
2025-07-17 14:05:00+00:00,cowrie,ssh,a01c1fb1ea090b75,218.200.200.0/24,1,0,1,1,0.0,1546258.0542769432,1546258.0542769432,1.0,1.0,0.0,0.6931471805599453,0.6931471805599453,0.6931471805599453,0,1,-0.06494345748598318
2025-07-31 11:00:00+00:00,cowrie,ssh,d39db4c806a7b228,12.156.67.0/24,1,0,1,1,3.0,2950539.8558080196,2950539.8558080196,1.0,1.0,0.0,0.6931471805599453,0.6931471805599453,0.6931471805599453,0,1,-0.06493902064561075
2025-07-24 15:45:00+00:00,cowrie,ssh,cac68e7cebae4f9a,185.213.174.0/24,1,0,1,1,3.0,2978288.1292300224,2978288.1292300224,1.0,1.0,0.0,0.6931471805599453,0.6931471805599453,0.6931471805599453,0,1,-0.06493902064561075
2025-07-30 07:10:00+00:00,cowrie,ssh,ca23764e63fc2aa8,170.83.79.0/24,1,0,1,1,3.0,2982564.0987148285,2982564.0987148285,1.0,1.0,0.0,0.6931471805599453,0.6931471805599453,0.6931471805599453,0,1,-0.06493902064561075
2025-07-23 01:55:00+00:00,cowrie,ssh,41ccb5752645ea95,211.253.9.0/24,1,0,1,1,3.0,2792308.6747820377,2792308.6747820377,1.0,1.0,0.0,0.6931471805599453,0.6931471805599453,0.6931471805599453,0,1,-0.06444012442018088
2025-07-11 18:35:00+00:00,cowrie,ssh,8c30abf668fab51f,51.75.87.0/24,284,0,4,85,1.0601099664493465,1.0582932435290915,1.0392210483551025,0.014084507042253521,0.2992957746478873,0.0,5.652489180268651,1.6094379124341003,4.454347296253507,1,1,-0.06434841213092546
2025-07-28 08:15:00+00:00,cowrie,ssh,b39e38b6641a7ecb,178.185.136.0/24,1,0,1,1,2.807354922057604,3004166.789408207,3004166.789408207,1.0,1.0,0.0,0.6931471805599453,0.6931471805599453,0.6931471805599453,0,1,-0.06416193330366515
2025-07-26 20:00:00+00:00,cowrie,ssh,1deaa72bd9f4de53,104.199.151.0/24,1,0,1,1,2.6416041678685933,3211620.782449007,3211620.782449007,1.0,1.0,0.0,0.6931471805599453,0.6931471805599453,0.6931471805599453,0,1,-0.0639643867791092
2025-08-04 06:20:00+00:00,cowrie,ssh,7576ca123df76232,170.238.160.0/24,1,0,1,1,2.5032583347756456,3509391.6739108562,3509391.6739108562,1.0,1.0,0.0,0.6931471805599453,0.6931471805599453,0.6931471805599453,0,1,-0.06375218231560886
2025-07-17 13:45:00+00:00,cowrie,ssh,109da9e1a3b4ea3e,91.222.80.0/24,1,0,1,1,0.0,1526304.4811739922,1526304.4811739922,1.0,1.0,0.0,0.6931471805599453,0.6931471805599453,0.6931471805599453,0,1,-0.0636968420380275
2025-08-05 11:35:00+00:00,cowrie,ssh,2ed7e9b7d96d69c6,101.126.14.0/24,1,0,1,1,3.0,2666875.244443178,2666875.244443178,1.0,1.0,0.0,0.6931471805599453,0.6931471805599453,0.6931471805599453,0,1,-0.06369241269607528
2025-07-31 04:10:00+00:00,cowrie,ssh,8ef542b6959ae148,154.92.19.0/24,1,0,1,1,2.94770277922009,3207894.8943588734,3207894.8943588734,1.0,1.0,0.0,0.6931471805599453,0.6931471805599453,0.6931471805599453,0,1,-0.06356182758768603
2025-07-22 05:40:00+00:00,cowrie,ssh,0a1bf49531247c6a,176.65.148.0/24,1,0,1,1,2.321928094887362,3053745.181988001,3053745.181988001,1.0,1.0,0.0,0.6931471805599453,0.6931471805599453,0.6931471805599453,0,1,-0.06350309344098104
2025-07-17 05:20:00+00:00,cowrie,ssh,b59a840e41f3d7d7,14.29.184.0/24,1,0,1,1,2.75,2776724.0261979103,2776724.0261979103,1.0,1.0,0.0,0.6931471805599453,0.6931471805599453,0.6931471805599453,0,1,-0.06346614975458731
2025-07-27 02:55:00+00:00,cowrie,ssh,66a056b5c0c17a49,14.103.60.0/24,1,0,1,1,2.75,2676448.0575959682,2676448.0575959682,1.0,1.0,0.0,0.6931471805599453,0.6931471805599453,0.6931471805599453,0,1,-0.06346614975458731
2025-07-16 13:45:00+00:00,cowrie,ssh,b15a81d2f37aa266,45.159.189.0/24,1,0,1,1,2.772963274082419,2766991.771631956,2766991.771631956,1.0,1.0,0.0,0.6931471805599453,0.6931471805599453,0.6931471805599453,0,1,-0.06341450376679592
2025-07-22 10:10:00+00:00,cowrie,ssh,6f44993e5d21fb7b,103.140.126.0/24,1,0,1,1,2.772963274082419,2720617.682631016,2720617.682631016,1.0,1.0,0.0,0.6931471805599453,0.6931471805599453,0.6931471805599453,0,1,-0.06341450376679592
2025-07-02 17:00:00+00:00,cowrie,ssh,e2c4e3d64b328c86,94.124.69.0/24,258,0,4,85,1.1694863915591998,1.166033526723699,1.1279890537261963,0.015503875968992248,0.32945736434108525,0.0,5.556828061699537,1.6094379124341003,4.454347296253507,1,1,-0.06335175576705698
2025-07-23 05:20:00+00:00,cowrie,ssh,0b0fa1dd90677380,35.189.114.0/24,260,0,4,85,1.1711285896191281,1.1505459042695851,1.1117918491363525,0.015384615384615385,0.3269230769230769,0.0,5.564520407322694,1.6094379124341003,4.454347296253507,1,1,-0.06335175576705698
2025-07-30 07:25:00+00:00,cowrie,ssh,9b3a464b23f7ee92,170.83.79.0/24,1,0,1,1,2.6416041678685933,2983753.1027379036,2983753.1027379036,1.0,1.0,0.0,0.6931471805599453,0.6931471805599453,0.6931471805599453,0,1,-0.0629682497164048
2025-07-28 11:25:00+00:00,cowrie,ssh,f7ca2bd339a28dd1,183.36.126.0/24,1,0,1,1,1.9219280948873623,2624873.8377461433,2624873.8377461433,1.0,1.0,0.0,0.6931471805599453,0.6931471805599453,0.6931471805599453,0,1,-0.06294204593666541
2025-07-13 01:15:00+00:00,cowrie,ssh,fdd16d2764f9b34e,103.59.200.0/24,1,0,1,1,1.5,2030394.3078858852,2030394.3078858852,1.0,1.0,0.0,0.6931471805599453,0.6931471805599453,0.6931471805599453,0,1,-0.06284116249126726
2025-08-01 21:30:00+00:00,cowrie,ssh,08a72c2703bdbc31,116.118.48.0/24,1,0,1,1,1.5,1976677.8730142117,1976677.8730142117,1.0,1.0,0.0,0.6931471805599453,0.6931471805599453,0.6931471805599453,0,1,-0.06284116249126726
2025-07-17 05:20:00+00:00,cowrie,ssh,1763713f4770ec29,80.14.31.0/24,1,0,1,1,0.0,1489561.5266280174,1489561.5266280174,1.0,1.0,0.0,0.6931471805599453,0.6931471805599453,0.6931471805599453,0,1,-0.06245233341513878
2025-07-18 01:15:00+00:00,cowrie,ssh,dd54460e688af4b3,183.249.1.0/24,1,0,1,1,0.0,1502266.2733020782,1502266.2733020782,1.0,1.0,0.0,0.6931471805599453,0.6931471805599453,0.6931471805599453,0,1,-0.06245233341513878
2025-08-02 00:35:00+00:00,cowrie,ssh,df3071a1483255c2,63.41.9.0/24,1,0,1,1,1.75,2212711.2348599434,2212711.2348599434,1.0,1.0,0.0,0.6931471805599453,0.6931471805599453,0.6931471805599453,0,1,-0.0623658893149599
2025-07-28 15:00:00+00:00,cowrie,ssh,b50b23cfb2c2d52f,193.32.162.0/24,1,0,1,1,1.7924812503605778,2364027.714517832,2364027.714517832,1.0,1.0,0.0,0.6931471805599453,0.6931471805599453,0.6931471805599453,0,1,-0.0623658893149599
2025-07-21 05:35:00+00:00,cowrie,ssh,dd1803ab4dd96be3,190.85.108.0/24,1,0,1,1,2.0,2593643.8297200203,2593643.8297200203,1.0,1.0,0.0,0.6931471805599453,0.6931471805599453,0.6931471805599453,0,1,-0.0619472913420378
2025-07-19 04:25:00+00:00,cowrie,ssh,b1402c91a8f22c97,103.97.132.0/24,1,0,1,1,3.459431618637298,2591732.642241001,2591732.642241001,1.0,1.0,0.0,0.6931471805599453,0.6931471805599453,0.6931471805599453,0,1,-0.061922864526664956
2025-07-16 23:50:00+00:00,cowrie,ssh,e3ff0c14f24428be,180.166.162.0/24,1,0,1,1,0.0,1484853.4922111034,1484853.4922111034,1.0,1.0,0.0,0.6931471805599453,0.6931471805599453,0.6931471805599453,0,1,-0.061706638035973316
2025-07-18 14:45:00+00:00,cowrie,ssh,bc39163b9015efdd,167.99.89.0/24,1,0,1,1,3.0957952550009344,2543985.058143139,2543985.058143139,1.0,1.0,0.0,0.6931471805599453,0.6931471805599453,0.6931471805599453,0,1,-0.06134213768613184
2025-08-02 21:05:00+00:00,cowrie,ssh,c2323d5d8a4a86c6,14.195.83.0/24,1,0,1,1,1.9219280948873623,2263366.7718770504,2263366.7718770504,1.0,1.0,0.0,0.6931471805599453,0.6931471805599453,0.6931471805599453,0,1,-0.061202108259701404
2025-07-24 15:00:00+00:00,cowrie,ssh,eeb445fe7fe55447,213.212.224.0/24,1,0,1,1,3.5465935642949384,2072269.5702700615,2072269.5702700615,1.0,1.0,0.0,0.6931471805599453,0.6931471805599453,0.6931471805599453,0,1,-0.060931999425102745
2025-07-31 05:40:00+00:00,cowrie,ssh,0162d1045a6e03f2,61.80.237.0/24,1,0,1,1,3.169925001442312,2602354.148164034,2602354.148164034,1.0,1.0,0.0,0.6931471805599453,0.6931471805599453,0.6931471805599453,0,1,-0.060845674239404124
2025-07-19 00:00:00+00:00,cowrie,ssh,9b4275081949b7b7,14.103.27.0/24,1,0,1,1,3.169925001442312,2554067.412430048,2554067.412430048,1.0,1.0,0.0,0.6931471805599453,0.6931471805599453,0.6931471805599453,0,1,-0.060845674239404124
2025-08-01 09:05:00+00:00,cowrie,ssh,363128366df51498,103.30.41.0/24,1,0,1,1,3.169925001442312,2520294.937659979,2520294.937659979,1.0,1.0,0.0,0.6931471805599453,0.6931471805599453,0.6931471805599453,0,1,-0.060845674239404124
2025-07-15 07:25:00+00:00,cowrie,ssh,1dab9a273d68c6fa,157.245.151.0/24,1,0,1,1,3.169925001442312,2582785.7644090652,2582785.7644090652,1.0,1.0,0.0,0.6931471805599453,0.6931471805599453,0.6931471805599453,0,1,-0.060845674239404124
2025-07-07 03:45:00+00:00,cowrie,ssh,ab5f1de85c019983,138.197.163.0/24,169,0,2,85,1.1545171688230227,4965.089806230816,1.6284170150756836,0.011834319526627219,0.5029585798816568,0.0,5.135798437050262,1.0986122886681098,4.454347296253507,1,1,-0.06065960408734916
2025-07-28 07:15:00+00:00,cowrie,ssh,8fc37389c030d566,178.177.200.0/24,1,0,1,1,3.0957952550009344,2456715.433734894,2456715.433734894,1.0,1.0,0.0,0.6931471805599453,0.6931471805599453,0.6931471805599453,0,1,-0.06059756845027586
2025-07-19 13:25:00+00:00,cowrie,ssh,c4e3828e085fa871,94.190.208.0/24,1,0,1,1,3.169925001442312,2496145.6988790035,2496145.6988790035,1.0,1.0,0.0,0.6931471805599453,0.6931471805599453,0.6931471805599453,0,1,-0.060349546579443136
2025-07-09 04:45:00+00:00,cowrie,ssh,4a4c5ea6d0299560,116.71.135.0/24,1,0,1,1,4.0,1791415.7993209362,1791415.7993209362,1.0,1.0,0.0,0.6931471805599453,0.6931471805599453,0.6931471805599453,0,1,-0.06032035251012591
2025-06-19 21:20:00+00:00,cowrie,ssh,b8cda9d0613ac94b,213.169.137.0/24,190,0,5,84,1.0206676188466162,1.513067162664313,1.3495378494262695,0.02631578947368421,0.4421052631578947,0.0,5.25227342804663,1.791759469228055,4.442651256490317,1,1,-0.06016235057285779
2025-07-24 20:40:00+00:00,cowrie,ssh,61ad7727abda17c2,160.251.236.0/24,1,0,1,1,1.584962500721156,1960977.2658560276,1960977.2658560276,1.0,1.0,0.0,0.6931471805599453,0.6931471805599453,0.6931471805599453,0,1,-0.06014597299339097
2025-07-14 18:35:00+00:00,cowrie,ssh,fdf1555b1964a1db,167.71.161.0/24,1,0,1,1,3.027169118440619,2429330.544266939,2429330.544266939,1.0,1.0,0.0,0.6931471805599453,0.6931471805599453,0.6931471805599453,0,1,-0.05985375447913721
2025-07-29 23:05:00+00:00,cowrie,ssh,6efe8ff40a4b78e0,91.205.219.0/24,1,0,1,1,3.0,2547097.3075578213,2547097.3075578213,1.0,1.0,0.0,0.6931471805599453,0.6931471805599453,0.6931471805599453,0,1,-0.0596941155100702
2025-07-20 19:00:00+00:00,cowrie,ssh,10bb2b891f5c31fa,23.95.37.0/24,1,0,1,1,3.084962500721156,2351875.720108986,2351875.720108986,1.0,1.0,0.0,0.6931471805599453,0.6931471805599453,0.6931471805599453,0,1,-0.05960598419292429
2025-07-19 16:35:00+00:00,cowrie,ssh,2d35b5f7e545e2f4,49.124.153.0/24,1,0,1,1,1.0,1800314.2999019623,1800314.2999019623,1.0,1.0,0.0,0.6931471805599453,0.6931471805599453,0.6931471805599453,0,1,-0.05951083061692386
2025-07-12 11:10:00+00:00,cowrie,ssh,0190a11ca57b2cb5,103.229.54.0/24,1,0,1,1,2.772963274082419,2537504.2230792046,2537504.2230792046,1.0,1.0,0.0,0.6931471805599453,0.6931471805599453,0.6931471805599453,0,1,-0.05941771554259623
2025-07-23 08:55:00+00:00,cowrie,ssh,fb724dc20fa99908,211.72.129.0/24,1,0,1,1,3.169925001442312,2374915.535082102,2374915.535082102,1.0,1.0,0.0,0.6931471805599453,0.6931471805599453,0.6931471805599453,0,1,-0.059358297711527785
2025-07-21 14:40:00+00:00,cowrie,ssh,7145e27709688b4d,211.72.129.0/24,1,0,1,1,3.169925001442312,2221706.3358011246,2221706.3358011246,1.0,1.0,0.0,0.6931471805599453,0.6931471805599453,0.6931471805599453,0,1,-0.059358297711527785
2025-07-13 07:10:00+00:00,cowrie,ssh,058b556b67722518,197.5.145.0/24,1,0,1,1,3.169925001442312,2397029.4507608414,2397029.4507608414,1.0,1.0,0.0,0.6931471805599453,0.6931471805599453,0.6931471805599453,0,1,-0.059358297711527785
2025-07-26 16:30:00+00:00,cowrie,ssh,ecfee43a43c9fd27,108.196.212.0/24,1,0,1,1,3.169925001442312,2307824.0419471264,2307824.0419471264,1.0,1.0,0.0,0.6931471805599453,0.6931471805599453,0.6931471805599453,0,1,-0.059358297711527785
2025-07-16 03:55:00+00:00,cowrie,ssh,a299ce29596d0fe2,194.113.236.0/24,1,0,1,1,3.169925001442312,2390291.9798178673,2390291.9798178673,1.0,1.0,0.0,0.6931471805599453,0.6931471805599453,0.6931471805599453,0,1,-0.059358297711527785
2025-07-23 13:45:00+00:00,cowrie,ssh,7ddfd8594f13acf3,124.112.45.0/24,1,0,1,1,3.459431618637298,2152423.3040630817,2152423.3040630817,1.0,1.0,0.0,0.6931471805599453,0.6931471805599453,0.6931471805599453,0,1,-0.059194310654106075
2025-07-13 11:30:00+00:00,cowrie,ssh,09dbf12ba8582307,212.25.35.0/24,1,0,1,1,3.459431618637298,2146721.851562023,2146721.851562023,1.0,1.0,0.0,0.6931471805599453,0.6931471805599453,0.6931471805599453,0,1,-0.059194310654106075
2025-07-14 23:15:00+00:00,cowrie,ssh,d9f8923c6aedef23,59.97.205.0/24,1,0,1,1,3.238901256602631,2242676.7368290424,2242676.7368290424,1.0,1.0,0.0,0.6931471805599453,0.6931471805599453,0.6931471805599453,0,1,-0.059162039031093516
2025-07-27 01:50:00+00:00,cowrie,ssh,e5412d75d23076d5,46.238.32.0/24,1,0,1,1,2.807354922057604,2608169.012768984,2608169.012768984,1.0,1.0,0.0,0.6931471805599453,0.6931471805599453,0.6931471805599453,0,1,-0.05892255369318411
2025-06-27 04:55:00+00:00,cowrie,ssh,72776a3e677852f5,196.203.106.0/24,238,0,4,85,1.2703041839349927,1.2603699329520475,1.2072710990905762,0.01680672268907563,0.35714285714285715,0.0,5.476463551931511,1.6094379124341003,4.454347296253507,1,1,-0.05888345407332585
2025-07-21 00:40:00+00:00,cowrie,ssh,4e2d7f1742a7326f,2.203.98.0/24,235,0,3,85,1.2160346227115493,1.2128923723840306,1.1595890522003174,0.01276595744680851,0.3617021276595745,0.0,5.4638318050256105,1.3862943611198906,4.454347296253507,1,1,-0.05888345407332585
2025-07-21 00:45:00+00:00,cowrie,ssh,4e2d7f1742a7326f,2.203.98.0/24,197,0,5,87,1.1235567078114446,1.2159282120351258,1.1622068881988525,0.025380710659898477,0.4416243654822335,0.0,5.288267030694535,1.791759469228055,4.477336814478207,1,1,-0.05887248805657397
2025-07-12 22:50:00+00:00,cowrie,ssh,7e6ec815c5d6420a,143.110.237.0/24,1,0,1,1,2.25,2235959.399283886,2235959.399283886,1.0,1.0,0.0,0.6931471805599453,0.6931471805599453,0.6931471805599453,0,1,-0.05885613930286626
2025-07-24 23:45:00+00:00,cowrie,ssh,306d50944631a5f5,49.124.151.0/24,1,0,1,1,2.25,2239402.350023985,2239402.350023985,1.0,1.0,0.0,0.6931471805599453,0.6931471805599453,0.6931471805599453,0,1,-0.05885613930286626
2025-07-28 06:15:00+00:00,cowrie,ssh,0e750f0970facdcb,14.103.117.0/24,1,0,1,1,2.5,2579408.288882971,2579408.288882971,1.0,1.0,0.0,0.6931471805599453,0.6931471805599453,0.6931471805599453,0,1,-0.058268398549932376
2025-07-25 02:10:00+00:00,cowrie,ssh,50e6cc04000f9049,49.124.153.0/24,1,0,1,1,2.721928094887362,2199775.7456641197,2199775.7456641197,1.0,1.0,0.0,0.6931471805599453,0.6931471805599453,0.6931471805599453,0,1,-0.058231717553784534
2025-07-30 07:15:00+00:00,cowrie,ssh,34d51cda3c954711,209.38.226.0/24,1,0,1,1,3.0,2401755.4099121094,2401755.4099121094,1.0,1.0,0.0,0.6931471805599453,0.6931471805599453,0.6931471805599453,0,1,-0.05820907399826414
2025-07-27 02:55:00+00:00,cowrie,ssh,bfcc27ab7fba3dab,14.55.144.0/24,1,0,1,1,3.0,2367620.3420221806,2367620.3420221806,1.0,1.0,0.0,0.6931471805599453,0.6931471805599453,0.6931471805599453,0,1,-0.05820907399826414
2025-08-03 03:10:00+00:00,cowrie,ssh,1c20a32442060ca7,201.158.20.0/24,1,0,1,1,3.875,1759849.1277689934,1759849.1277689934,1.0,1.0,0.0,0.6931471805599453,0.6931471805599453,0.6931471805599453,0,1,-0.05809201606591641
2025-07-12 16:25:00+00:00,cowrie,ssh,7e04d4d7da4be4b1,158.174.211.0/24,1,0,1,1,2.75,2277758.6911890507,2277758.6911890507,1.0,1.0,0.0,0.6931471805599453,0.6931471805599453,0.6931471805599453,0,1,-0.057984495898760424
2025-07-21 15:00:00+00:00,cowrie,ssh,f9adb22407e429a2,118.163.132.0/24,1,0,1,1,2.75,2224319.943288088,2224319.943288088,1.0,1.0,0.0,0.6931471805599453,0.6931471805599453,0.6931471805599453,0,1,-0.057984495898760424
2025-08-05 20:45:00+00:00,cowrie,ssh,3cb49a24c65bfc2c,36.50.177.0/24,1,0,1,1,2.75,2319319.44609499,2319319.44609499,1.0,1.0,0.0,0.6931471805599453,0.6931471805599453,0.6931471805599453,0,1,-0.057984495898760424
2025-07-21 12:45:00+00:00,cowrie,ssh,742c40290a58f8cf,47.76.128.0/24,1,0,1,1,2.772963274082419,2347596.828318119,2347596.828318119,1.0,1.0,0.0,0.6931471805599453,0.6931471805599453,0.6931471805599453,0,1,-0.05793323448710863
2025-08-01 23:55:00+00:00,cowrie,ssh,339b067e07aaa4f9,47.243.105.0/24,1,0,1,1,2.772963274082419,2274815.3574330807,2274815.3574330807,1.0,1.0,0.0,0.6931471805599453,0.6931471805599453,0.6931471805599453,0,1,-0.05793323448710863
2025-07-23 01:55:00+00:00,cowrie,ssh,7b8eb9a1041cfbad,104.28.195.0/24,1,0,1,1,2.5216406363433186,2479896.2717630863,2479896.2717630863,1.0,1.0,0.0,0.6931471805599453,0.6931471805599453,0.6931471805599453,0,1,-0.057774014049667644
2025-07-25 00:25:00+00:00,cowrie,ssh,e9e757b274c4cff8,112.31.167.0/24,1,0,1,1,3.1219280948873624,2109865.8540771008,2109865.8540771008,1.0,1.0,0.0,0.6931471805599453,0.6931471805599453,0.6931471805599453,0,1,-0.05762683649677092
2025-08-05 22:45:00+00:00,cowrie,ssh,ecabefe58de75c25,50.84.211.0/24,1,0,1,1,2.2516291673878226,2185970.6147859097,2185970.6147859097,1.0,1.0,0.0,0.6931471805599453,0.6931471805599453,0.6931471805599453,0,1,-0.057619811642183105
2025-08-03 03:30:00+00:00,cowrie,ssh,29e3ea619b6860c0,103.31.39.0/24,1,0,1,1,2.0,2081771.0394449234,2081771.0394449234,1.0,1.0,0.0,0.6931471805599453,0.6931471805599453,0.6931471805599453,0,1,-0.05748751583549394
2025-07-18 02:20:00+00:00,cowrie,ssh,0635fb49c2f060e8,60.15.178.0/24,1,0,1,1,0.0,1460023.8794510365,1460023.8794510365,1.0,1.0,0.0,0.6931471805599453,0.6931471805599453,0.6931471805599453,0,1,-0.05740183909869123
2025-07-17 19:35:00+00:00,cowrie,ssh,fb8524d1d8459642,82.102.149.0/24,1,0,1,1,0.0,1467255.9451339245,1467255.9451339245,1.0,1.0,0.0,0.6931471805599453,0.6931471805599453,0.6931471805599453,0,1,-0.05740183909869123
2025-06-19 21:15:00+00:00,cowrie,ssh,b8cda9d0613ac94b,213.169.137.0/24,198,0,3,82,1.0964300098964042,1.520772979717062,1.350553035736084,0.015151515151515152,0.41414141414141414,0.0,5.293304824724492,1.3862943611198906,4.418840607796598,1,1,-0.0574000563400211
2025-07-30 16:05:00+00:00,cowrie,ssh,95f453e16983be81,206.217.131.0/24,1,0,1,1,2.321928094887362,2357237.694236994,2357237.694236994,1.0,1.0,0.0,0.6931471805599453,0.6931471805599453,0.6931471805599453,0,1,-0.05727996393005874
2025-08-05 22:15:00+00:00,cowrie,ssh,5547ea71e48380b7,167.71.43.0/24,1,0,1,1,3.169925001442312,2112155.7670331,2112155.7670331,1.0,1.0,0.0,0.6931471805599453,0.6931471805599453,0.6931471805599453,0,1,-0.0571328859218011
2025-07-13 05:25:00+00:00,cowrie,ssh,0bdf87663f90e491,103.215.81.0/24,1,0,1,1,3.169925001442312,2092012.5940070152,2092012.5940070152,1.0,1.0,0.0,0.6931471805599453,0.6931471805599453,0.6931471805599453,0,1,-0.0571328859218011
2025-07-22 14:00:00+00:00,cowrie,ssh,5a278f3094229cf6,103.172.204.0/24,1,0,1,1,2.845350936622437,2524208.41473794,2524208.41473794,1.0,1.0,0.0,0.6931471805599453,0.6931471805599453,0.6931471805599453,0,1,-0.057054660223955556
2025-07-21 03:15:00+00:00,cowrie,ssh,1e1cdfd387c23eee,14.103.161.0/24,1,0,1,1,1.0,1670940.4766850471,1670940.4766850471,1.0,1.0,0.0,0.6931471805599453,0.6931471805599453,0.6931471805599453,0,1,-0.05703805369997139
2025-07-17 02:10:00+00:00,cowrie,ssh,aa9c046234a5d436,170.79.37.0/24,1,0,1,1,3.0,2172366.9485321045,2172366.9485321045,1.0,1.0,0.0,0.6931471805599453,0.6931471805599453,0.6931471805599453,0,1,-0.056973839901282464
2025-07-20 06:50:00+00:00,cowrie,ssh,422fd53c6da4f4a6,157.10.252.0/24,1,0,1,1,3.0,2148002.4517769814,2148002.4517769814,1.0,1.0,0.0,0.6931471805599453,0.6931471805599453,0.6931471805599453,0,1,-0.056973839901282464
2025-07-20 15:20:00+00:00,cowrie,ssh,139de6e4390b7502,58.147.171.0/24,1,0,1,1,2.584962500721156,2214793.8696000576,2214793.8696000576,1.0,1.0,0.0,0.6931471805599453,0.6931471805599453,0.6931471805599453,0,1,-0.05674964134686655
2025-08-05 12:50:00+00:00,cowrie,ssh,f537e7511cfdafc5,182.93.50.0/24,1,0,1,1,2.584962500721156,2207001.0956349373,2207001.0956349373,1.0,1.0,0.0,0.6931471805599453,0.6931471805599453,0.6931471805599453,0,1,-0.05674964134686655
2025-07-20 17:35:00+00:00,cowrie,ssh,9e1b01ee105c0dbd,203.106.164.0/24,1,0,1,1,2.584962500721156,2272343.984789133,2272343.984789133,1.0,1.0,0.0,0.6931471805599453,0.6931471805599453,0.6931471805599453,0,1,-0.05674964134686655
2025-07-16 10:00:00+00:00,cowrie,ssh,78e4847f2b754883,179.43.176.0/24,1,0,1,1,2.584962500721156,2281477.81426692,2281477.81426692,1.0,1.0,0.0,0.6931471805599453,0.6931471805599453,0.6931471805599453,0,1,-0.05674964134686655
2025-07-30 15:05:00+00:00,cowrie,ssh,013ae5aff1ef66d5,8.222.150.0/24,1,0,1,1,2.772963274082419,2173002.6547169685,2173002.6547169685,1.0,1.0,0.0,0.6931471805599453,0.6931471805599453,0.6931471805599453,0,1,-0.05669846656884925
2025-07-19 12:45:00+00:00,cowrie,ssh,248648fafdc742c8,47.97.51.0/24,1,0,1,1,2.772963274082419,2177810.4341011047,2177810.4341011047,1.0,1.0,0.0,0.6931471805599453,0.6931471805599453,0.6931471805599453,0,1,-0.05669846656884925
2025-07-18 03:05:00+00:00,cowrie,ssh,7a8575b20d426720,58.18.81.0/24,1,0,1,1,0.0,1418529.6685919762,1418529.6685919762,1.0,1.0,0.0,0.6931471805599453,0.6931471805599453,0.6931471805599453,0,1,-0.0565805848480897
2025-07-20 17:30:00+00:00,cowrie,ssh,8002580947044b68,155.4.245.0/24,1,0,1,1,1.061278124459133,1784758.9119148254,1784758.9119148254,1.0,1.0,0.0,0.6931471805599453,0.6931471805599453,0.6931471805599453,0,1,-0.05652131026913543
2025-07-22 23:00:00+00:00,cowrie,ssh,6cb4a8a7e16d4d59,46.101.9.0/24,1,0,1,1,3.1219280948873624,2008449.130366087,2008449.130366087,1.0,1.0,0.0,0.6931471805599453,0.6931471805599453,0.6931471805599453,0,1,-0.0563925864021656
2025-07-17 13:20:00+00:00,cowrie,ssh,35cc5b8283455163,36.64.68.0/24,1,0,1,1,3.169925001442312,2030190.1766319275,2030190.1766319275,1.0,1.0,0.0,0.6931471805599453,0.6931471805599453,0.6931471805599453,0,1,-0.0563925864021656
2025-07-23 00:00:00+00:00,cowrie,ssh,4c88971375c5eaa4,209.150.47.0/24,1,0,1,1,3.121928094887362,1991349.4400670528,1991349.4400670528,1.0,1.0,0.0,0.6931471805599453,0.6931471805599453,0.6931471805599453,0,1,-0.0563925864021656
2025-07-23 09:50:00+00:00,cowrie,ssh,b8ec56316dc2957e,141.94.18.0/24,1,0,1,1,2.725480556997868,2042884.4837040901,2042884.4837040901,1.0,1.0,0.0,0.6931471805599453,0.6931471805599453,0.6931471805599453,0,1,-0.056009730576982775
2025-07-13 01:15:00+00:00,cowrie,ssh,256ff6ba417fc84c,34.101.205.0/24,1,0,1,1,3.0,2125141.945034981,2125141.945034981,1.0,1.0,0.0,0.6931471805599453,0.6931471805599453,0.6931471805599453,0,1,-0.055987155858056914
2025-07-19 17:35:00+00:00,cowrie,ssh,743c5592b38a231b,118.218.219.0/24,1,0,1,1,3.169925001442312,1985970.242538929,1985970.242538929,1.0,1.0,0.0,0.6931471805599453,0.6931471805599453,0.6931471805599453,0,1,-0.05589947062148215
2025-07-19 10:05:00+00:00,cowrie,ssh,ec3f1c38691f24ef,45.182.207.0/24,1,0,1,1,3.169925001442312,1972087.2715649605,1972087.2715649605,1.0,1.0,0.0,0.6931471805599453,0.6931471805599453,0.6931471805599453,0,1,-0.05589947062148215
2025-08-01 21:30:00+00:00,cowrie,ssh,877f505961789a4e,181.209.63.0/24,1,0,1,1,3.169925001442312,2021997.156970024,2021997.156970024,1.0,1.0,0.0,0.6931471805599453,0.6931471805599453,0.6931471805599453,0,1,-0.05589947062148215
2025-07-17 02:10:00+00:00,cowrie,ssh,c2743c08c1ade768,20.102.116.0/24,1,0,1,1,2.94770277922009,2301983.9469690323,2301983.9469690323,1.0,1.0,0.0,0.6931471805599453,0.6931471805599453,0.6931471805599453,0,1,-0.05585793716097831
2025-07-28 15:55:00+00:00,cowrie,ssh,5825da46cda2448f,118.194.230.0/24,1,0,1,1,2.94770277922009,2335038.857423067,2335038.857423067,1.0,1.0,0.0,0.6931471805599453,0.6931471805599453,0.6931471805599453,0,1,-0.05585793716097831
2025-07-24 07:35:00+00:00,cowrie,ssh,e3efde3507b1d2ad,47.236.83.0/24,1,0,1,1,2.772963274082419,2067436.906571865,2067436.906571865,1.0,1.0,0.0,0.6931471805599453,0.6931471805599453,0.6931471805599453,0,1,-0.05571215490127912
2025-08-02 11:35:00+00:00,cowrie,ssh,352808c25e65a165,177.105.192.0/24,1,0,1,1,3.584962500721156,1849021.5386719704,1849021.5386719704,1.0,1.0,0.0,0.6931471805599453,0.6931471805599453,0.6931471805599453,0,1,-0.05549237346307123
2025-08-05 15:30:00+00:00,cowrie,ssh,068fcf2b44c6df2d,154.210.129.0/24,1,0,1,1,3.0,2036028.8785231113,2036028.8785231113,1.0,1.0,0.0,0.6931471805599453,0.6931471805599453,0.6931471805599453,0,1,-0.05524801852650418
2025-07-11 22:05:00+00:00,cowrie,ssh,d70b748317b7afde,152.32.172.0/24,1,0,1,1,2.0,2028679.0590949059,2028679.0590949059,1.0,1.0,0.0,0.6931471805599453,0.6931471805599453,0.6931471805599453,0,1,-0.05502157208941094
2025-07-10 03:05:00+00:00,cowrie,ssh,84fa77e7a941216e,14.103.117.0/24,1,0,1,1,3.459431618637298,1906328.7015531063,1906328.7015531063,1.0,1.0,0.0,0.6931471805599453,0.6931471805599453,0.6931471805599453,0,1,-0.05499737555755557
2025-07-19 06:05:00+00:00,cowrie,ssh,5a76bc79c8a50be3,193.32.162.0/24,1,0,1,1,1.7924812503605778,1904988.8568980694,1904988.8568980694,1.0,1.0,0.0,0.6931471805599453,0.6931471805599453,0.6931471805599453,0,1,-0.054943754797179944
2025-07-17 20:45:00+00:00,cowrie,ssh,78078caf71b8e311,8.217.230.0/24,1,0,1,1,2.6416041678685933,2106147.653799057,2106147.653799057,1.0,1.0,0.0,0.6931471805599453,0.6931471805599453,0.6931471805599453,0,1,-0.054778213449703905
2025-07-09 12:15:00+00:00,cowrie,ssh,d8b28db7ac1cc752,8.213.197.0/24,1,0,1,1,3.0,1966295.1754610538,1966295.1754610538,1.0,1.0,0.0,0.6931471805599453,0.6931471805599453,0.6931471805599453,0,1,-0.0547556768828672
2025-07-11 19:50:00+00:00,cowrie,ssh,fa855bf12fee3651,14.103.173.0/24,1,0,1,1,3.0,1960102.1768119335,1960102.1768119335,1.0,1.0,0.0,0.6931471805599453,0.6931471805599453,0.6931471805599453,0,1,-0.0547556768828672
2025-07-13 09:50:00+00:00,cowrie,ssh,e1403f739168c823,216.155.93.0/24,1,0,1,1,3.0,1940172.2177460194,1940172.2177460194,1.0,1.0,0.0,0.6931471805599453,0.6931471805599453,0.6931471805599453,0,1,-0.0547556768828672
2025-07-22 11:40:00+00:00,cowrie,ssh,31ed7f6db21b6d88,51.178.43.0/24,1,0,1,1,3.0,1968174.9063830376,1968174.9063830376,1.0,1.0,0.0,0.6931471805599453,0.6931471805599453,0.6931471805599453,0,1,-0.0547556768828672
2025-07-13 04:20:00+00:00,cowrie,ssh,b9db28b8e090bd4f,14.103.112.0/24,1,0,1,1,2.94770277922009,2177316.531241894,2177316.531241894,1.0,1.0,0.0,0.6931471805599453,0.6931471805599453,0.6931471805599453,0,1,-0.05462667657004705
2025-07-24 12:10:00+00:00,cowrie,ssh,992c150453faf9fa,49.124.153.0/24,1,0,1,1,2.584962500721156,2054167.8354680538,2054167.8354680538,1.0,1.0,0.0,0.6931471805599453,0.6931471805599453,0.6931471805599453,0,1,-0.05453215989389659
2025-07-23 17:35:00+00:00,cowrie,ssh,d939eec0727af906,119.29.137.0/24,1,0,1,1,2.521640636343318,2086265.5764329433,2086265.5764329433,1.0,1.0,0.0,0.6931471805599453,0.6931471805599453,0.6931471805599453,0,1,-0.054322672551870954
2025-07-24 09:20:00+00:00,cowrie,ssh,35b48f64b0242cd7,219.128.15.0/24,1,0,1,1,2.725480556997868,2002409.1269898415,2002409.1269898415,1.0,1.0,0.0,0.6931471805599453,0.6931471805599453,0.6931471805599453,0,1,-0.05404030242660196
2025-07-24 16:55:00+00:00,cowrie,ssh,7e047067652dabd0,110.25.101.0/24,1,0,1,1,2.807354922057604,1937966.7019720078,1937966.7019720078,1.0,1.0,0.0,0.6931471805599453,0.6931471805599453,0.6931471805599453,0,1,-0.05398931772755167
2025-07-14 04:55:00+00:00,cowrie,ssh,75eab50ccd8808b5,27.66.108.0/24,1,0,1,1,2.807354922057604,1972476.2892539501,1972476.2892539501,1.0,1.0,0.0,0.6931471805599453,0.6931471805599453,0.6931471805599453,0,1,-0.05398931772755167
2025-07-24 20:40:00+00:00,cowrie,ssh,e0a0371dd0368ab2,78.25.127.0/24,1,0,1,1,2.75,1975603.4906871319,1975603.4906871319,1.0,1.0,0.0,0.6931471805599453,0.6931471805599453,0.6931471805599453,0,1,-0.053794498458825335
2025-07-24 16:35:00+00:00,cowrie,ssh,a37b862b5fd94078,65.20.178.0/24,1,0,1,1,2.9477027792200903,2111107.611367941,2111107.611367941,1.0,1.0,0.0,0.6931471805599453,0.6931471805599453,0.6931471805599453,0,1,-0.053643166496051276
2025-07-24 21:40:00+00:00,cowrie,ssh,dac2758cd827e283,102.140.97.0/24,1,0,1,1,3.7004397181410926,1647893.9619710445,1647893.9619710445,1.0,1.0,0.0,0.6931471805599453,0.6931471805599453,0.6931471805599453,0,1,-0.05335903072746051
2025-07-04 15:35:00+00:00,cowrie,ssh,2c5f95337f53f357,84.35.45.0/24,1,0,1,1,1.584962500721156,1827243.754091978,1827243.754091978,1.0,1.0,0.0,0.6931471805599453,0.6931471805599453,0.6931471805599453,0,1,-0.053357883079223845
2025-07-08 06:25:00+00:00,cowrie,ssh,dceb182c14e124f6,189.126.4.0/24,1,0,1,1,3.169925001442312,1903976.2036418915,1903976.2036418915,1.0,1.0,0.0,0.6931471805599453,0.6931471805599453,0.6931471805599453,0,1,-0.053193289498467466
2025-07-13 19:20:00+00:00,cowrie,ssh,77457e2dbdeef86d,194.0.234.0/24,104,0,8,13,1.231270513042408,2.8926634719738593,0.0022821426391601562,0.07692307692307693,0.125,0.0,4.653960350157523,2.1972245773362196,2.6390573296152584,1,1,-0.053061185297807456
2025-07-12 05:10:00+00:00,cowrie,ssh,6dfece6e2db46f53,89.168.115.0/24,196,0,3,85,1.2836783404759418,1.0526150764563145,1.0343890190124512,0.015306122448979591,0.4336734693877551,0.0,5.2832037287379885,1.3862943611198906,4.454347296253507,1,1,-0.05247708661397832
2025-07-21 01:35:00+00:00,cowrie,ssh,5a447c0f1fbd8cf2,125.64.209.0/24,1,0,1,1,2.251629167387823,1883922.830792904,1883922.830792904,1.0,1.0,0.0,0.6931471805599453,0.6931471805599453,0.6931471805599453,0,1,-0.052450011040432565
2025-07-10 07:30:00+00:00,cowrie,ssh,3a8dce7afea7ae6c,14.103.253.0/24,1,0,1,1,2.2516291673878226,1896369.449297905,1896369.449297905,1.0,1.0,0.0,0.6931471805599453,0.6931471805599453,0.6931471805599453,0,1,-0.052450011040432565
2025-08-05 09:55:00+00:00,cowrie,ssh,13d4a43286c54e34,103.187.147.0/24,1,0,1,1,2.9219280948873623,1977640.3537299633,1977640.3537299633,1.0,1.0,0.0,0.6931471805599453,0.6931471805599453,0.6931471805599453,0,1,-0.05241564894742079
2025-07-19 15:40:00+00:00,cowrie,ssh,e006dab73b13239a,178.27.89.0/24,1,0,1,1,2.94770277922009,1930291.5047359467,1930291.5047359467,1.0,1.0,0.0,0.6931471805599453,0.6931471805599453,0.6931471805599453,0,1,-0.05241564894742079
2025-07-17 22:25:00+00:00,cowrie,ssh,b849d25647272593,178.32.42.0/24,1,0,1,1,2.584962500721156,1987248.779143095,1987248.779143095,1.0,1.0,0.0,0.6931471805599453,0.6931471805599453,0.6931471805599453,0,1,-0.052321419602741615
2025-07-10 02:15:00+00:00,cowrie,ssh,8c831c390d1c9a68,185.213.164.0/24,1,0,1,1,2.584962500721156,1928763.8128631115,1928763.8128631115,1.0,1.0,0.0,0.6931471805599453,0.6931471805599453,0.6931471805599453,0,1,-0.052321419602741615
2025-07-23 17:20:00+00:00,cowrie,ssh,22c3a452a0bd2568,102.88.10.0/24,1,0,1,1,2.5032583347756456,1994670.1553180218,1994670.1553180218,1.0,1.0,0.0,0.6931471805599453,0.6931471805599453,0.6931471805599453,0,1,-0.0521125691039549
2025-07-28 21:30:00+00:00,cowrie,ssh,9ad34261ac5f4c32,43.224.126.0/24,1,0,1,1,2.5216406363433186,1954446.7825388908,1954446.7825388908,1.0,1.0,0.0,0.6931471805599453,0.6931471805599453,0.6931471805599453,0,1,-0.0521125691039549
2025-06-27 10:40:00+00:00,cowrie,ssh,ab5f1de85c019983,138.197.163.0/24,180,0,3,85,1.1163279192156,1.667208116584354,1.6235969066619873,0.016666666666666666,0.4722222222222222,0.0,5.198497031265826,1.3862943611198906,4.454347296253507,1,1,-0.05149648333913315
2025-06-26 03:55:00+00:00,cowrie,ssh,30ca8c72c72a180a,5.189.95.0/24,198,0,3,85,1.296029761000705,1.4680649387049796,1.4257619380950928,0.015151515151515152,0.4292929292929293,0.0,5.293304824724492,1.3862943611198906,4.454347296253507,1,1,-0.05149648333913315
2025-07-18 09:30:00+00:00,cowrie,ssh,66c0da5cfe6416d9,125.132.34.0/24,125,0,10,22,2.1659912336406415,3475.4194417915346,1.2775540351867676,0.08,0.176,0.0,4.836281906951478,2.3978952727983707,3.1354942159291497,1,1,-0.05144399922113374
2025-07-24 23:05:00+00:00,cowrie,ssh,f6f019b5a59bae2d,87.251.233.0/24,1,0,1,1,2.7219280948873625,1888448.0320470333,1888448.0320470333,1.0,1.0,0.0,0.6931471805599453,0.6931471805599453,0.6931471805599453,0,1,-0.05134102682978059
2025-07-08 00:40:00+00:00,cowrie,ssh,e2f511c68c1a0b38,46.25.236.0/24,1,0,1,1,2.75,1903250.1198780537,1903250.1198780537,1.0,1.0,0.0,0.6931471805599453,0.6931471805599453,0.6931471805599453,0,1,-0.0510961358540305
2025-07-20 16:10:00+00:00,cowrie,ssh,f055c53dd1b364de,27.40.100.0/24,1,0,1,1,2.75,1891021.371352911,1891021.371352911,1.0,1.0,0.0,0.6931471805599453,0.6931471805599453,0.6931471805599453,0,1,-0.0510961358540305
2025-07-19 19:15:00+00:00,cowrie,ssh,763e07d81a2da9e6,103.114.147.0/24,1,0,1,1,1.584962500721156,1693817.5610301495,1693817.5610301495,1.0,1.0,0.0,0.6931471805599453,0.6931471805599453,0.6931471805599453,0,1,-0.05090588599458534
2025-08-02 00:15:00+00:00,cowrie,ssh,dbe0c63abac9b724,212.83.130.0/24,1,0,1,1,3.584962500721156,1691478.5594410896,1691478.5594410896,1.0,1.0,0.0,0.6931471805599453,0.6931471805599453,0.6931471805599453,0,1,-0.05058226729270909
2025-07-17 14:25:00+00:00,cowrie,ssh,8e26bb6d3450c8ca,140.246.127.0/24,1,0,1,1,3.121928094887362,1831141.089981079,1831141.089981079,1.0,1.0,0.0,0.6931471805599453,0.6931471805599453,0.6931471805599453,0,1,-0.05025255442021237
2025-08-01 11:15:00+00:00,cowrie,ssh,628c536e86d00f59,154.92.17.0/24,1,0,1,1,2.321928094887362,1866796.3964710236,1866796.3964710236,1.0,1.0,0.0,0.6931471805599453,0.6931471805599453,0.6931471805599453,0,1,-0.050153673758922546
2025-07-03 18:40:00+00:00,cowrie,ssh,1efe6faf3d657fd9,87.121.84.0/24,1,0,1,1,2.321928094887362,1889197.9510581493,1889197.9510581493,1.0,1.0,0.0,0.6931471805599453,0.6931471805599453,0.6931471805599453,0,1,-0.050153673758922546
2025-07-06 10:35:00+00:00,cowrie,ssh,62a9581f3d4e5433,195.158.6.0/24,180,0,3,85,1.2188206390588894,1.667747343911065,1.646333932876587,0.016666666666666666,0.4722222222222222,0.0,5.198497031265826,1.3862943611198906,4.454347296253507,1,1,-0.05002806416917516
2025-06-15 06:20:00+00:00,cowrie,ssh,b1c6014d873651e6,159.203.36.0/24,181,0,3,85,1.2058141194408543,1.6545244975643263,1.612828016281128,0.016574585635359115,0.4696132596685083,0.0,5.204006687076795,1.3862943611198906,4.454347296253507,1,1,-0.05002806416917516
2025-07-06 10:40:00+00:00,cowrie,ssh,62a9581f3d4e5433,195.158.6.0/24,180,0,3,85,1.1774781501866667,1.6678153898980883,1.6463561058044434,0.016666666666666666,0.4722222222222222,0.0,5.198497031265826,1.3862943611198906,4.454347296253507,1,1,-0.05002806416917516
2025-07-20 05:50:00+00:00,cowrie,ssh,9e2c075ca095d82d,119.36.178.0/24,1,0,1,1,1.584962500721156,1669854.6353211403,1669854.6353211403,1.0,1.0,0.0,0.6931471805599453,0.6931471805599453,0.6931471805599453,0,1,-0.0499274073875694
2025-07-30 13:05:00+00:00,cowrie,ssh,8c831c390d1c9a68,185.213.164.0/24,1,0,1,1,3.418295834054489,1765119.1859970093,1765119.1859970093,1.0,1.0,0.0,0.6931471805599453,0.6931471805599453,0.6931471805599453,0,1,-0.04984613913217695
2025-07-30 10:55:00+00:00,cowrie,ssh,464f74aed00ee71a,213.169.44.0/24,1,0,1,1,3.418295834054489,1765756.5603408813,1765756.5603408813,1.0,1.0,0.0,0.6931471805599453,0.6931471805599453,0.6931471805599453,0,1,-0.04984613913217695
2025-08-04 03:40:00+00:00,cowrie,ssh,c71852881464e3e9,64.227.123.0/24,1,0,1,1,3.459431618637298,1758757.4377660751,1758757.4377660751,1.0,1.0,0.0,0.6931471805599453,0.6931471805599453,0.6931471805599453,0,1,-0.04984613913217695
2025-07-19 18:25:00+00:00,cowrie,ssh,40bae40052374e7a,183.238.65.0/24,1,0,1,1,1.9182958340544893,1808537.3528289795,1808537.3528289795,1.0,1.0,0.0,0.6931471805599453,0.6931471805599453,0.6931471805599453,0,1,-0.0497458181079069
2025-07-24 19:00:00+00:00,cowrie,ssh,37132cb0ff75a03a,49.124.152.0/24,1,0,1,1,2.9477027792200903,1872795.2977581024,1872795.2977581024,1.0,1.0,0.0,0.6931471805599453,0.6931471805599453,0.6931471805599453,0,1,-0.049722407816543024
2025-07-27 15:25:00+00:00,cowrie,ssh,f835a30cca33abbe,152.32.192.0/24,1,0,1,1,1.584962500721156,1644039.2312281132,1644039.2312281132,1.0,1.0,0.0,0.6931471805599453,0.6931471805599453,0.6931471805599453,0,1,-0.04968299454872416
2025-07-07 03:50:00+00:00,cowrie,ssh,ab5f1de85c019983,138.197.163.0/24,178,0,4,85,1.20381493520851,1.6828230284572987,1.6295249462127686,0.02247191011235955,0.47752808988764045,0.0,5.187385805840755,1.6094379124341003,4.454347296253507,1,1,-0.04953925308072438
2025-07-25 21:10:00+00:00,cowrie,ssh,88a502b897601f10,218.145.181.0/24,125,0,9,22,2.289784319361688,4222.926553527832,1.253899097442627,0.072,0.176,0.0,4.836281906951478,2.302585092994046,3.1354942159291497,1,1,-0.04939864419296569
2025-07-09 04:55:00+00:00,cowrie,ssh,52770b9742f6dc17,14.103.112.0/24,1,0,1,1,3.1219280948873624,1768336.401606083,1768336.401606083,1.0,1.0,0.0,0.6931471805599453,0.6931471805599453,0.6931471805599453,0,1,-0.04927495928572101
=======
2025-06-14 09:45:00+00:00,cowrie,ssh,b9670fe4ba58ef58,211.106.88.0/24,1,0,1,0,2.75,214619.75497102737,214619.75497102737,1.0,0.0,0.0,0.6931471805599453,0.6931471805599453,0.0,0,1,-0.16705022262032598
2025-06-19 16:20:00+00:00,cowrie,ssh,df5d4c4f2cf6d81f,195.3.147.0/24,1,0,1,1,0.0,140139.0511391163,140139.0511391163,1.0,1.0,0.0,0.6931471805599453,0.6931471805599453,0.6931471805599453,0,1,-0.12759045555901083
2025-06-18 01:25:00+00:00,cowrie,ssh,df5d4c4f2cf6d81f,195.3.147.0/24,1,0,1,1,0.0,134528.79761600494,134528.79761600494,1.0,1.0,0.0,0.6931471805599453,0.6931471805599453,0.6931471805599453,0,1,-0.12732933400083368
2025-06-14 19:05:00+00:00,cowrie,ssh,727e78bbe81e2e3a,222.113.215.0/24,1,0,1,1,0.0,110006.88632202148,110006.88632202148,1.0,1.0,0.0,0.6931471805599453,0.6931471805599453,0.6931471805599453,0,1,-0.119938886372568
2025-06-20 09:45:00+00:00,cowrie,ssh,6efe8ff40a4b78e0,91.205.219.0/24,1,0,1,1,2.5,342234.0996980667,342234.0996980667,1.0,1.0,0.0,0.6931471805599453,0.6931471805599453,0.6931471805599453,0,1,-0.10228800113351078
2025-06-19 13:15:00+00:00,cowrie,ssh,51b44fa5fd4a269a,103.25.47.0/24,1,0,1,1,2.94770277922009,316278.4226260185,316278.4226260185,1.0,1.0,0.0,0.6931471805599453,0.6931471805599453,0.6931471805599453,0,1,-0.10163595067994313
2025-06-20 22:05:00+00:00,cowrie,ssh,bda1c40c191d775b,92.118.39.0/24,1,0,1,1,2.251629167387823,307011.15792393684,307011.15792393684,1.0,1.0,0.0,0.6931471805599453,0.6931471805599453,0.6931471805599453,0,1,-0.10101180560393408
2025-06-20 20:15:00+00:00,cowrie,ssh,dbec28ce5ee7291f,187.107.88.0/24,1,0,1,1,3.169925001442312,238574.88232183456,238574.88232183456,1.0,1.0,0.0,0.6931471805599453,0.6931471805599453,0.6931471805599453,0,1,-0.0972187175718362
2025-06-15 18:30:00+00:00,cowrie,ssh,0a1bf49531247c6a,176.65.148.0/24,1,0,1,1,2.321928094887362,239067.81826210022,239067.81826210022,1.0,1.0,0.0,0.6931471805599453,0.6931471805599453,0.6931471805599453,0,1,-0.09390326396133086
2025-06-20 05:20:00+00:00,cowrie,ssh,cee417ac9d0c53bd,77.90.185.0/24,1,0,1,1,2.584962500721156,254904.8272869587,254904.8272869587,1.0,1.0,0.0,0.6931471805599453,0.6931471805599453,0.6931471805599453,0,1,-0.09283545685976657
2025-06-20 07:40:00+00:00,cowrie,ssh,5fca5a1c763ab44f,103.151.221.0/24,1,0,1,1,3.277613436819116,182865.54720401764,182865.54720401764,1.0,1.0,0.0,0.6931471805599453,0.6931471805599453,0.6931471805599453,0,1,-0.09191701073448832
2025-06-15 01:15:00+00:00,cowrie,ssh,ee80391fe5656a69,194.0.234.0/24,1,0,1,1,2.0,170531.00068306923,170531.00068306923,1.0,1.0,0.0,0.6931471805599453,0.6931471805599453,0.6931471805599453,0,1,-0.09101921956596015
2025-06-13 01:35:00+00:00,cowrie,ssh,7844deb9efeab95d,185.156.73.0/24,1,0,1,0,2.75,35970.22032594681,35970.22032594681,1.0,0.0,0.0,0.6931471805599453,0.6931471805599453,0.0,0,1,-0.09075393012042232
2025-06-15 00:30:00+00:00,cowrie,ssh,7844deb9efeab95d,185.156.73.0/24,1,0,1,0,2.75,33693.377130031586,33693.377130031586,1.0,0.0,0.0,0.6931471805599453,0.6931471805599453,0.0,0,1,-0.08970827836878759
2025-06-13 22:05:00+00:00,cowrie,ssh,5f4a8fd668ff33fd,193.32.162.0/24,1,0,1,1,0.0,61037.06931805611,61037.06931805611,1.0,1.0,0.0,0.6931471805599453,0.6931471805599453,0.6931471805599453,0,1,-0.08946499543398101
2025-06-15 01:05:00+00:00,cowrie,ssh,d2f7d7e320691c9d,194.0.234.0/24,1,0,1,1,3.0,175690.4480369091,175690.4480369091,1.0,1.0,0.0,0.6931471805599453,0.6931471805599453,0.6931471805599453,0,1,-0.0883051303504242
2025-06-11 06:00:00+00:00,cowrie,ssh,4b35e445eb216be9,104.236.70.0/24,1,0,1,1,2.75,182449.3419880867,182449.3419880867,1.0,1.0,0.0,0.6931471805599453,0.6931471805599453,0.6931471805599453,0,1,-0.08710236154533646
2025-06-16 08:35:00+00:00,cowrie,ssh,8d8af773563293a3,14.103.243.0/24,1,0,1,1,2.0,133144.77549409866,133144.77549409866,1.0,1.0,0.0,0.6931471805599453,0.6931471805599453,0.6931471805599453,0,1,-0.0815746209016297
2025-06-20 02:30:00+00:00,cowrie,ssh,a91b30125759c47c,194.0.234.0/24,1,0,1,1,3.1219280948873624,133651.81383895874,133651.81383895874,1.0,1.0,0.0,0.6931471805599453,0.6931471805599453,0.6931471805599453,0,1,-0.08037393011267524
2025-06-19 16:25:00+00:00,cowrie,ssh,0d339228fe13dc1f,94.154.172.0/24,1,0,1,1,2.0,124955.66169285774,124955.66169285774,1.0,1.0,0.0,0.6931471805599453,0.6931471805599453,0.6931471805599453,0,1,-0.0783088868308871
2025-06-12 06:10:00+00:00,cowrie,ssh,727e78bbe81e2e3a,222.113.215.0/24,1,0,1,1,2.584962500721156,132515.95526909828,132515.95526909828,1.0,1.0,0.0,0.6931471805599453,0.6931471805599453,0.6931471805599453,0,1,-0.07599773774969698
2025-06-16 07:00:00+00:00,cowrie,ssh,423ac948f7416348,92.118.39.0/24,1,0,1,1,2.251629167387823,121201.30183386803,121201.30183386803,1.0,1.0,0.0,0.6931471805599453,0.6931471805599453,0.6931471805599453,0,1,-0.07411012954154905
2025-06-17 13:45:00+00:00,cowrie,ssh,b1964a54710d9525,113.56.161.0/24,1,0,1,1,2.9219280948873623,120043.85800886154,120043.85800886154,1.0,1.0,0.0,0.6931471805599453,0.6931471805599453,0.6931471805599453,0,1,-0.07376022086527145
2025-06-13 12:30:00+00:00,cowrie,ssh,727e78bbe81e2e3a,222.113.215.0/24,1,0,1,1,3.321928094887362,109176.86749792099,109176.86749792099,1.0,1.0,0.0,0.6931471805599453,0.6931471805599453,0.6931471805599453,0,1,-0.0709935979798445
2025-06-18 13:35:00+00:00,cowrie,ssh,f6158bae0d90aa60,185.93.89.0/24,1,0,1,1,3.027169118440619,108534.31049704552,108534.31049704552,1.0,1.0,0.0,0.6931471805599453,0.6931471805599453,0.6931471805599453,0,1,-0.06846167793847724
2025-06-18 14:00:00+00:00,cowrie,ssh,91637e10d8f41c64,77.90.185.0/24,1,0,1,1,3.277613436819116,106441.92144393921,106441.92144393921,1.0,1.0,0.0,0.6931471805599453,0.6931471805599453,0.6931471805599453,0,1,-0.06721891668529689
2025-06-18 14:05:00+00:00,cowrie,ssh,f48f11b444851cbb,77.90.185.0/24,1,0,1,1,3.277613436819116,105602.7842130661,105602.7842130661,1.0,1.0,0.0,0.6931471805599453,0.6931471805599453,0.6931471805599453,0,1,-0.06721891668529689
2025-06-18 13:40:00+00:00,cowrie,ssh,8ff4a5631097c247,77.90.185.0/24,1,0,1,1,3.169925001442312,104358.36467599869,104358.36467599869,1.0,1.0,0.0,0.6931471805599453,0.6931471805599453,0.6931471805599453,0,1,-0.06714019343138089
2025-06-19 13:05:00+00:00,cowrie,ssh,cba676ec64f782da,92.118.39.0/24,1,0,1,1,1.7924812503605778,100329.48243284225,100329.48243284225,1.0,1.0,0.0,0.6931471805599453,0.6931471805599453,0.6931471805599453,0,1,-0.0665986057779091
2025-06-18 13:55:00+00:00,cowrie,ssh,a9874708a7425a3a,193.32.162.0/24,1,0,1,1,3.321928094887362,98833.92385005951,98833.92385005951,1.0,1.0,0.0,0.6931471805599453,0.6931471805599453,0.6931471805599453,0,1,-0.062834862428653
2025-06-18 13:30:00+00:00,cowrie,ssh,3b523f5e736db248,193.32.162.0/24,1,0,1,1,3.277613436819116,97493.24848484993,97493.24848484993,1.0,1.0,0.0,0.6931471805599453,0.6931471805599453,0.6931471805599453,0,1,-0.06235650556292072
2025-06-18 13:45:00+00:00,cowrie,ssh,8685e6183349c461,193.32.162.0/24,1,0,1,1,3.277613436819116,98221.55717897415,98221.55717897415,1.0,1.0,0.0,0.6931471805599453,0.6931471805599453,0.6931471805599453,0,1,-0.06235650556292072
2025-06-18 13:25:00+00:00,cowrie,ssh,2da0e3586e1f4c9d,77.90.185.0/24,1,0,1,1,2.584962500721156,104095.95577788353,104095.95577788353,1.0,1.0,0.0,0.6931471805599453,0.6931471805599453,0.6931471805599453,0,1,-0.06162068424803824
2025-06-18 13:25:00+00:00,cowrie,ssh,19dcd79f38805490,77.90.185.0/24,1,0,1,1,2.584962500721156,104520.89983415604,104520.89983415604,1.0,1.0,0.0,0.6931471805599453,0.6931471805599453,0.6931471805599453,0,1,-0.06162068424803824
2025-06-18 13:10:00+00:00,cowrie,ssh,2c6f1f1a417bcb12,77.90.185.0/24,1,0,1,1,2.584962500721156,102964.37017202377,102964.37017202377,1.0,1.0,0.0,0.6931471805599453,0.6931471805599453,0.6931471805599453,0,1,-0.06037800073391675
2025-06-16 14:10:00+00:00,cowrie,ssh,e58dfbee8c1c9a52,176.65.148.0/24,1,0,1,1,2.321928094887362,98319.91975903511,98319.91975903511,1.0,1.0,0.0,0.6931471805599453,0.6931471805599453,0.6931471805599453,0,1,-0.05800045136454324
2025-06-19 22:10:00+00:00,cowrie,ssh,1bc5d04b7f456451,183.56.197.0/24,1,0,1,1,2.75,99405.28586697578,99405.28586697578,1.0,1.0,0.0,0.6931471805599453,0.6931471805599453,0.6931471805599453,0,1,-0.05603833894788701
2025-06-19 21:20:00+00:00,cowrie,ssh,b8cda9d0613ac94b,213.169.137.0/24,190,0,5,84,1.0206676188466162,1.513067162664313,1.3495378494262695,0.02631578947368421,0.4421052631578947,0.0,5.25227342804663,1.791759469228055,4.442651256490317,1,1,-0.0524571854311876
2025-06-19 21:15:00+00:00,cowrie,ssh,b8cda9d0613ac94b,213.169.137.0/24,198,0,3,82,1.0964300098964042,1.520772979717062,1.350553035736084,0.015151515151515152,0.41414141414141414,0.0,5.293304824724492,1.3862943611198906,4.418840607796598,1,1,-0.05091709745839246
2025-06-18 13:50:00+00:00,cowrie,ssh,848343158459f4e8,193.32.162.0/24,1,0,1,1,2.584962500721156,94979.89716696739,94979.89716696739,1.0,1.0,0.0,0.6931471805599453,0.6931471805599453,0.6931471805599453,0,1,-0.05050979268707223
2025-06-19 21:20:00+00:00,cowrie,ssh,fe889a45987b0ebe,114.217.26.0/24,1,0,1,1,3.334679141051595,79929.92017292976,79929.92017292976,1.0,1.0,0.0,0.6931471805599453,0.6931471805599453,0.6931471805599453,0,1,-0.04296892530355567
2025-06-15 06:20:00+00:00,cowrie,ssh,b1c6014d873651e6,159.203.36.0/24,181,0,3,85,1.2058141194408543,1.6545244975643263,1.612828016281128,0.016574585635359115,0.4696132596685083,0.0,5.204006687076795,1.3862943611198906,4.454347296253507,1,1,-0.04172891548689339
2025-06-13 12:10:00+00:00,cowrie,ssh,4d644e00d03b96af,194.0.234.0/24,1,0,1,1,1.5,53381.9596259594,53381.9596259594,1.0,1.0,0.0,0.6931471805599453,0.6931471805599453,0.6931471805599453,0,1,-0.04008268995854125
2025-06-17 09:35:00+00:00,cowrie,ssh,056956270a1cc7ac,116.110.90.0/24,2,0,2,1,2.321928094887362,218483.32304048538,3.110236883163452,1.0,0.5,0.0,1.0986122886681098,1.0986122886681098,0.6931471805599453,0,1,-0.03939886195922038
2025-06-12 13:55:00+00:00,cowrie,ssh,2c5f95337f53f357,84.35.45.0/24,1,0,1,1,0.0,25306.507236003876,25306.507236003876,1.0,1.0,0.0,0.6931471805599453,0.6931471805599453,0.6931471805599453,0,1,-0.03795993984208934
2025-06-15 06:25:00+00:00,cowrie,ssh,b1c6014d873651e6,159.203.36.0/24,142,0,4,87,0.9860456202674042,1.6475250569867417,1.6203601360321045,0.028169014084507043,0.6126760563380281,0.0,4.962844630259907,1.6094379124341003,4.477336814478207,1,1,-0.03729010869896465
2025-06-19 20:45:00+00:00,cowrie,ssh,766599c2167b805a,121.204.165.0/24,103,0,2,85,1.329068338779114,6737.016303525387,2.3958470821380615,0.019417475728155338,0.8252427184466019,0.0,4.6443908991413725,1.0986122886681098,4.454347296253507,1,1,-0.036083891361975984
2025-06-18 14:00:00+00:00,cowrie,ssh,d39099714b0433e8,185.93.89.0/24,1,0,1,1,3.7004397181410926,53295.05774593353,53295.05774593353,1.0,1.0,0.0,0.6931471805599453,0.6931471805599453,0.6931471805599453,0,1,-0.03377729620009462
2025-06-16 09:10:00+00:00,cowrie,ssh,4b0a3884986dd72d,185.246.130.0/24,229,0,83,148,2.334605083277919,593.2903037643849,1.0352108478546143,0.3624454148471616,0.6462882096069869,0.0,5.438079308923196,4.430816798843313,5.003946305945459,1,1,-0.03198778635862354
2025-06-10 10:25:00+00:00,cowrie,ssh,6dace2bb183b6899,137.184.84.0/24,1,0,1,1,2.75,76233.75822210312,76233.75822210312,1.0,1.0,0.0,0.6931471805599453,0.6931471805599453,0.6931471805599453,0,1,-0.031577043446432085
2025-06-20 02:35:00+00:00,cowrie,ssh,848343158459f4e8,193.32.162.0/24,1,0,1,1,3.1219280948873624,69706.77062702179,69706.77062702179,1.0,1.0,0.0,0.6931471805599453,0.6931471805599453,0.6931471805599453,0,1,-0.02997735186621686
2025-06-16 17:35:00+00:00,cowrie,ssh,83579ff5f4032e0f,81.17.25.0/24,137,0,54,93,2.3296680229362643,1667.187359108542,1.0202009677886963,0.39416058394160586,0.6788321167883211,0.0,4.927253685157205,4.007333185232471,4.543294782270004,1,1,-0.029759023965868936
2025-06-19 18:00:00+00:00,cowrie,ssh,846f6ad456241f03,5.167.76.0/24,1,0,1,1,2.321928094887362,68657.25996994972,68657.25996994972,1.0,1.0,0.0,0.6931471805599453,0.6931471805599453,0.6931471805599453,0,1,-0.028033872245478264
2025-06-10 22:30:00+00:00,cowrie,ssh,eaf46041cd3083ad,194.50.16.0/24,254,0,16,122,2.401743869809969,42.65817718055305,0.053550004959106445,0.06299212598425197,0.48031496062992124,0.0,5.541263545158426,2.833213344056216,4.812184355372417,1,1,-0.026371876904222713
2025-06-20 12:10:00+00:00,cowrie,ssh,0d339228fe13dc1f,94.154.172.0/24,1,0,1,1,2.584962500721156,70927.07752299309,70927.07752299309,1.0,1.0,0.0,0.6931471805599453,0.6931471805599453,0.6931471805599453,0,1,-0.025914645090063915
2025-06-11 18:35:00+00:00,cowrie,ssh,1af05d3d1d1e633f,185.191.141.0/24,1,0,1,1,2.75,72182.00363898277,72182.00363898277,1.0,1.0,0.0,0.6931471805599453,0.6931471805599453,0.6931471805599453,0,1,-0.024320090424644336
2025-06-18 23:50:00+00:00,cowrie,ssh,e58dfbee8c1c9a52,176.65.148.0/24,1,0,1,1,2.321928094887362,61629.39041805267,61629.39041805267,1.0,1.0,0.0,0.6931471805599453,0.6931471805599453,0.6931471805599453,0,1,-0.022821987103878283
2025-06-13 21:30:00+00:00,cowrie,ssh,94fc90e36774dee7,195.178.110.0/24,1,0,1,1,2.584962500721156,67626.07744002342,67626.07744002342,1.0,1.0,0.0,0.6931471805599453,0.6931471805599453,0.6931471805599453,0,1,-0.0225217184368518
2025-06-13 00:20:00+00:00,cowrie,ssh,d2f7d7e320691c9d,194.0.234.0/24,1,0,1,1,2.584962500721156,67768.02149891853,67768.02149891853,1.0,1.0,0.0,0.6931471805599453,0.6931471805599453,0.6931471805599453,0,1,-0.0225217184368518
2025-06-16 04:55:00+00:00,cowrie,ssh,fdf1555b1964a1db,167.71.161.0/24,1,0,1,1,3.027169118440619,64833.44129490852,64833.44129490852,1.0,1.0,0.0,0.6931471805599453,0.6931471805599453,0.6931471805599453,0,1,-0.02184557737081383
2025-06-18 00:15:00+00:00,cowrie,ssh,4b0a3884986dd72d,185.246.130.0/24,156,0,59,105,2.3617413058228807,901.7772434995725,1.029768943786621,0.3782051282051282,0.6730769230769231,0.0,5.056245805348308,4.0943445622221,4.663439094112067,1,1,-0.021200170997037526
2025-06-16 15:50:00+00:00,cowrie,ssh,fdf1555b1964a1db,167.71.161.0/24,1,0,1,1,4.08746284125034,39142.65453004837,39142.65453004837,1.0,1.0,0.0,0.6931471805599453,0.6931471805599453,0.6931471805599453,0,1,-0.021052691124976097
2025-06-19 07:50:00+00:00,cowrie,ssh,801452e3ae9e1803,140.249.187.0/24,119,0,2,85,0.9386762519576926,2.5314198141338444,2.2987310886383057,0.01680672268907563,0.7142857142857143,0.0,4.787491742782046,1.0986122886681098,4.454347296253507,1,1,-0.02100628900938073
2025-06-14 20:50:00+00:00,cowrie,ssh,faf41165074b964e,220.243.137.0/24,113,0,2,85,0.8850167287475024,2.661720345505571,2.2724640369415283,0.017699115044247787,0.7522123893805309,0.0,4.736198448394496,1.0986122886681098,4.454347296253507,1,1,-0.01850945560520245
2025-06-16 02:55:00+00:00,cowrie,ssh,5ef25b612ce764b3,184.181.74.0/24,54,0,4,18,2.2222191786245364,5961.74887781673,1.0919740200042725,0.07407407407407407,0.3333333333333333,0.0,4.007333185232471,1.6094379124341003,2.9444389791664403,1,1,-0.01826767553387132
2025-06-20 11:05:00+00:00,cowrie,ssh,adb3c12c314e22f8,129.159.15.0/24,137,0,12,25,2.20162877606612,1.030172933550442,1.0077340602874756,0.08759124087591241,0.18248175182481752,0.0,4.927253685157205,2.5649493574615367,3.258096538021482,1,1,-0.016587483536600667
2025-06-19 07:55:00+00:00,cowrie,ssh,801452e3ae9e1803,140.249.187.0/24,116,0,3,85,1.2627131112483645,2.5733361737481477,2.298837184906006,0.02586206896551724,0.7327586206896551,0.0,4.762173934797756,1.3862943611198906,4.454347296253507,1,1,-0.016103996869140658
2025-06-10 02:45:00+00:00,cowrie,ssh,bdc3f41b5e2f7e67,185.217.1.0/24,224,0,79,152,2.3826838708192657,1.1415188748921667,1.034209966659546,0.35267857142857145,0.6785714285714286,0.0,5.41610040220442,4.382026634673881,5.030437921392435,1,1,-0.01593815634770901
2025-06-12 14:15:00+00:00,cowrie,ssh,bdc3f41b5e2f7e67,185.217.1.0/24,224,0,79,152,2.3826838708192657,1.1435555230293954,1.0348560810089111,0.35267857142857145,0.6785714285714286,0.0,5.41610040220442,4.382026634673881,5.030437921392435,1,1,-0.01593815634770901
2025-06-10 08:00:00+00:00,cowrie,ssh,ee42e572bfa57351,84.217.17.0/24,137,0,12,25,2.20162877606612,1.1072735803968765,1.0367050170898438,0.08759124087591241,0.18248175182481752,0.0,4.927253685157205,2.5649493574615367,3.258096538021482,1,1,-0.01591698128588337
2025-06-16 10:50:00+00:00,cowrie,ssh,d7080781c28d86e4,3.130.96.0/24,6,0,3,2,3.3170529253079706,13596.821944157282,0.0017621517181396484,0.5,0.3333333333333333,0.0,1.9459101490553132,1.3862943611198906,1.0986122886681098,0,1,-0.015856219495279267
2025-06-19 06:05:00+00:00,cowrie,ssh,9c49d6a415c87a34,222.111.88.0/24,137,0,12,25,2.20162877606612,1.4411983963321238,1.2749547958374023,0.08759124087591241,0.18248175182481752,0.0,4.927253685157205,2.5649493574615367,3.258096538021482,1,1,-0.015682898491780617
2025-06-19 22:10:00+00:00,cowrie,ssh,773591ec48014890,218.156.176.0/24,135,0,11,24,2.188734118778354,1.4350301489901187,1.2762479782104492,0.08148148148148149,0.17777777777777778,0.0,4.912654885736052,2.4849066497880004,3.2188758248682006,1,1,-0.015579188176829906
2025-06-17 11:25:00+00:00,cowrie,ssh,4d726756904e15d7,162.157.117.0/24,137,0,12,25,2.20162877606612,1.2784356895615072,1.1517219543457031,0.08759124087591241,0.18248175182481752,0.0,4.927253685157205,2.5649493574615367,3.258096538021482,1,1,-0.015293442628685039
2025-06-15 12:05:00+00:00,cowrie,ssh,d7080781c28d86e4,3.130.96.0/24,3,0,3,2,3.31705292530797,96001.31101465225,0.0019638538360595703,1.0,0.6666666666666666,0.0,1.3862943611198906,1.3862943611198906,1.0986122886681098,0,1,-0.01472284971793103
2025-06-19 20:50:00+00:00,cowrie,ssh,766599c2167b805a,121.204.165.0/24,119,0,2,85,1.253897077646257,2.5222584199504694,2.3900649547576904,0.01680672268907563,0.7142857142857143,0.0,4.787491742782046,1.0986122886681098,4.454347296253507,1,1,-0.013874684731607245
2025-06-10 23:30:00+00:00,cowrie,ssh,5f4a8fd668ff33fd,193.32.162.0/24,18,0,16,17,0.36149392197825103,5055.023753046989,10.270009994506836,0.8888888888888888,0.9444444444444444,0.0,2.9444389791664403,2.833213344056216,2.8903717578961645,0,1,-0.013223692381080565
2025-06-20 08:05:00+00:00,cowrie,ssh,e58dfbee8c1c9a52,176.65.148.0/24,1,0,1,1,2.75,60761.409882068634,60761.409882068634,1.0,1.0,0.0,0.6931471805599453,0.6931471805599453,0.6931471805599453,0,1,-0.013095336928529488
2025-06-12 07:00:00+00:00,cowrie,ssh,d57dcf559fb55f3c,185.156.73.0/24,1,0,1,0,2.75,7561.5541660785675,7561.5541660785675,1.0,0.0,0.0,0.6931471805599453,0.6931471805599453,0.0,0,1,-0.012987991401343213
2025-06-19 23:10:00+00:00,cowrie,ssh,4b0a3884986dd72d,185.246.130.0/24,193,0,71,134,2.3965475074666633,1.1962363781706657,1.0343449115753174,0.36787564766839376,0.694300518134715,0.0,5.267858159063328,4.276666119016055,4.90527477843843,1,1,-0.012589731425749373
2025-06-11 13:45:00+00:00,cowrie,ssh,2c5f95337f53f357,84.35.45.0/24,1,0,1,1,2.584962500721156,58975.325630903244,58975.325630903244,1.0,1.0,0.0,0.6931471805599453,0.6931471805599453,0.6931471805599453,0,1,-0.012265617382537175
2025-06-17 23:30:00+00:00,cowrie,ssh,4b31d4472e8e9fb0,194.0.234.0/24,1,0,1,1,2.663532754804255,57364.34327197075,57364.34327197075,1.0,1.0,0.0,0.6931471805599453,0.6931471805599453,0.6931471805599453,0,1,-0.011957661177809387
2025-06-14 20:55:00+00:00,cowrie,ssh,faf41165074b964e,220.243.137.0/24,112,0,3,85,1.3574179649865181,2.6790848651102612,2.2685039043426514,0.026785714285714284,0.7589285714285714,0.0,4.727387818712341,1.3862943611198906,4.454347296253507,1,1,-0.011853686621930426
2025-06-16 21:45:00+00:00,cowrie,ssh,bdc3f41b5e2f7e67,185.217.1.0/24,70,0,29,46,2.2607456908803285,5323.483910839898,1.0361778736114502,0.4142857142857143,0.6571428571428571,0.0,4.2626798770413155,3.4011973816621555,3.8501476017100584,1,1,-0.011365067509236604
2025-06-16 21:25:00+00:00,cowrie,ssh,7da1d94d5d646595,111.160.133.0/24,111,0,2,85,1.0817140877689817,2.7133667103879087,2.278345823287964,0.018018018018018018,0.7657657657657657,0.0,4.718498871295094,1.0986122886681098,4.454347296253507,1,1,-0.011090800531889267
2025-06-14 20:45:00+00:00,cowrie,ssh,faf41165074b964e,220.243.137.0/24,112,0,2,82,1.1977694544306074,2.675177742327963,2.276298999786377,0.017857142857142856,0.7321428571428571,0.0,4.727387818712341,1.0986122886681098,4.418840607796598,1,1,-0.010647441149578274
2025-06-13 23:20:00+00:00,cowrie,ssh,8dc6283c6c7795a1,139.19.117.0/24,1,0,1,0,2.75,7073.469145059586,7073.469145059586,1.0,0.0,0.0,0.6931471805599453,0.6931471805599453,0.0,0,1,-0.010546176001759888
2025-06-19 07:45:00+00:00,cowrie,ssh,801452e3ae9e1803,140.249.187.0/24,113,0,2,85,1.344664518539192,2.6519710891014707,2.301820993423462,0.017699115044247787,0.7522123893805309,0.0,4.736198448394496,1.0986122886681098,4.454347296253507,1,1,-0.008922836804617584
2025-06-16 07:10:00+00:00,cowrie,ssh,6325137cbe06138c,185.93.89.0/24,12,0,7,8,1.9729010419671482,9799.75236616532,9.89992618560791,0.5833333333333334,0.6666666666666666,0.0,2.5649493574615367,2.0794415416798357,2.1972245773362196,0,1,-0.008868057940954577
2025-06-16 21:30:00+00:00,cowrie,ssh,7da1d94d5d646595,111.160.133.0/24,109,0,2,85,0.9329141999223731,2.7528410832816306,2.3078911304473877,0.01834862385321101,0.7798165137614679,0.0,4.700480365792417,1.0986122886681098,4.454347296253507,1,1,-0.008829737366274237
2025-06-11 20:00:00+00:00,cowrie,ssh,766599c2167b805a,121.204.165.0/24,112,0,2,85,1.355300200370486,2.58038686641625,2.431309938430786,0.017857142857142856,0.7589285714285714,0.0,4.727387818712341,1.0986122886681098,4.454347296253507,1,1,-0.007772905425469601
2025-06-09 14:30:00+00:00,cowrie,ssh,221360804913bba4,194.181.149.0/24,13,0,1,1,4.21506101220307,43.59206931407635,0.8717141151428223,0.07692307692307693,0.07692307692307693,0.0,2.6390573296152584,0.6931471805599453,0.6931471805599453,0,1,-0.007607475301722899
2025-06-16 21:20:00+00:00,cowrie,ssh,7da1d94d5d646595,111.160.133.0/24,111,0,2,85,1.3493855233096648,2.6978504958453478,2.281402111053467,0.018018018018018018,0.7657657657657657,0.0,4.718498871295094,1.0986122886681098,4.454347296253507,1,1,-0.007552310469332801
2025-06-17 23:10:00+00:00,cowrie,ssh,d39099714b0433e8,185.93.89.0/24,1,0,1,1,2.584962500721156,53831.83610510826,53831.83610510826,1.0,1.0,0.0,0.6931471805599453,0.6931471805599453,0.6931471805599453,0,1,-0.007151923988021225
2025-06-19 09:30:00+00:00,cowrie,ssh,83579ff5f4032e0f,81.17.25.0/24,75,0,29,50,2.2841399162050235,3065.5755581474305,1.0269451141357422,0.38666666666666666,0.6666666666666666,0.0,4.330733340286331,3.4011973816621555,3.9318256327243257,1,1,-0.006796781925747619
2025-06-14 19:25:00+00:00,cowrie,ssh,4b0a3884986dd72d,185.246.130.0/24,195,0,75,134,2.352367134685592,1.5319165437649458,1.035736083984375,0.38461538461538464,0.6871794871794872,0.0,5.278114659230517,4.330733340286331,4.90527477843843,1,1,-0.006264557347597011
2025-06-11 10:55:00+00:00,cowrie,ssh,83579ff5f4032e0f,81.17.25.0/24,76,0,29,50,2.2882607735271625,2950.0804441853575,1.0413439273834229,0.3815789473684211,0.6578947368421053,0.0,4.343805421853684,3.4011973816621555,3.9318256327243257,1,1,-0.00597141933179024
2025-06-15 18:05:00+00:00,cowrie,ssh,61308fb57ce888b2,54.36.122.0/24,183,0,31,174,2.646318200397458,1.1806207041922814,1.1703460216522217,0.16939890710382513,0.9508196721311475,0.0,5.214935757608986,3.4657359027997265,5.1647859739235145,1,1,-0.005088302919925125
2025-06-10 09:35:00+00:00,cowrie,ssh,4f6a2dd9b514dc44,119.96.59.0/24,101,0,2,85,0.9922914837471996,2.979884327048122,2.4188239574432373,0.019801980198019802,0.8415841584158416,0.0,4.624972813284271,1.0986122886681098,4.454347296253507,1,1,-0.004478813434524165
2025-06-10 09:30:00+00:00,cowrie,ssh,4f6a2dd9b514dc44,119.96.59.0/24,99,0,2,85,1.0127511019687914,3.0340849895669955,2.361807107925415,0.020202020202020204,0.8585858585858586,0.0,4.605170185988092,1.0986122886681098,4.454347296253507,1,1,-0.00302403763385517
2025-06-15 06:15:00+00:00,cowrie,ssh,b1c6014d873651e6,159.203.36.0/24,109,0,2,85,1.363621087715146,1.6536106842535514,1.6217041015625,0.01834862385321101,0.7798165137614679,0.0,4.700480365792417,1.0986122886681098,4.454347296253507,1,1,-0.0026896784011998243
2025-06-10 15:05:00+00:00,cowrie,ssh,8e59ca90225a0350,188.166.163.0/24,18,0,4,2,3.4155403947759986,0.010987828759586109,0.0011949539184570312,0.2222222222222222,0.1111111111111111,0.0,2.9444389791664403,1.6094379124341003,1.0986122886681098,0,1,-0.0022490539590412917
2025-06-11 13:45:00+00:00,cowrie,ssh,984c67f162e718d3,91.231.203.0/24,136,0,33,87,2.3305813201585153,0.4285097846278438,0.3280150890350342,0.2426470588235294,0.6397058823529411,0.0,4.919980925828125,3.5263605246161616,4.477336814478207,1,1,-0.002058266843343648
2025-06-20 19:20:00+00:00,cowrie,ssh,292bb17604d8c8e8,223.220.115.0/24,95,0,8,21,2.2079760995644286,1.9131164043507678,1.2371819019317627,0.08421052631578947,0.22105263157894736,0.0,4.564348191467836,2.1972245773362196,3.091042453358316,1,1,-0.002008211421606121
2025-06-10 23:35:00+00:00,cowrie,ssh,5f4a8fd668ff33fd,193.32.162.0/24,18,0,17,17,0.0,16.617949618233574,8.50347113609314,0.9444444444444444,0.9444444444444444,0.0,2.9444389791664403,2.8903717578961645,2.8903717578961645,0,1,-0.00197611232947259
2025-06-11 18:25:00+00:00,cowrie,ssh,cf0532861f94ab03,143.137.113.0/24,135,0,5,68,2.273673929623515,1.2758393643507318,1.2034838199615479,0.037037037037037035,0.5037037037037037,0.0,4.912654885736052,1.791759469228055,4.23410650459726,1,1,-0.0017981146551955263
2025-06-13 02:35:00+00:00,cowrie,ssh,8dc6283c6c7795a1,139.19.117.0/24,2,0,1,0,2.75,3596.402740955353,0.04212784767150879,0.5,0.0,0.0,1.0986122886681098,0.6931471805599453,0.0,0,1,-0.0008726012585327236
2025-06-11 13:55:00+00:00,cowrie,ssh,8dc6283c6c7795a1,139.19.117.0/24,2,0,1,0,2.75,3617.384999513626,0.02052903175354004,0.5,0.0,0.0,1.0986122886681098,0.6931471805599453,0.0,0,1,-0.0006543402332817028
2025-06-12 04:50:00+00:00,cowrie,ssh,8dc6283c6c7795a1,139.19.117.0/24,2,0,1,0,2.75,3528.992236495018,0.0219571590423584,0.5,0.0,0.0,1.0986122886681098,0.6931471805599453,0.0,0,1,-0.00021803962898103713
2025-06-13 16:25:00+00:00,cowrie,ssh,8dc6283c6c7795a1,139.19.117.0/24,2,0,1,0,2.75,3480.958876013756,0.03329300880432129,0.5,0.0,0.0,1.0986122886681098,0.6931471805599453,0.0,0,0,0.0
2025-06-11 21:55:00+00:00,cowrie,ssh,8dc6283c6c7795a1,139.19.117.0/24,2,0,1,0,2.75,3567.47425699234,0.03348398208618164,0.5,0.0,0.0,1.0986122886681098,0.6931471805599453,0.0,0,0,0.0
2025-06-13 09:30:00+00:00,cowrie,ssh,8dc6283c6c7795a1,139.19.117.0/24,2,0,1,0,2.75,3575.6000970602036,0.03229403495788574,0.5,0.0,0.0,1.0986122886681098,0.6931471805599453,0.0,0,0,0.0
2025-06-12 11:40:00+00:00,cowrie,ssh,8dc6283c6c7795a1,139.19.117.0/24,2,0,1,0,2.75,3402.3053065538406,0.024502992630004883,0.5,0.0,0.0,1.0986122886681098,0.6931471805599453,0.0,0,0,0.00021796588014144636
2025-06-12 18:40:00+00:00,cowrie,ssh,8dc6283c6c7795a1,139.19.117.0/24,2,0,1,0,2.75,3574.1232734918594,0.029687881469726562,0.5,0.0,0.0,1.0986122886681098,0.6931471805599453,0.0,0,0,0.00021796588014144636
2025-06-13 16:00:00+00:00,cowrie,ssh,d57dcf559fb55f3c,185.156.73.0/24,2,0,1,0,2.75,806.6536815166473,144.0200550556183,0.5,0.0,0.0,1.0986122886681098,0.6931471805599453,0.0,0,0,0.0002541818691340625
2025-06-11 21:35:00+00:00,cowrie,ssh,28ede889a1f3ed82,117.195.126.0/24,136,0,33,87,2.3266884795887894,1.065023097285518,0.8228139877319336,0.2426470588235294,0.6397058823529411,0.0,4.919980925828125,3.5263605246161616,4.477336814478207,1,0,0.0004389906441437663
2025-06-09 19:55:00+00:00,cowrie,ssh,7cb435613d1ae4a3,117.254.35.0/24,136,0,33,87,2.3229571363052073,1.0853492136354799,0.819713830947876,0.2426470588235294,0.6397058823529411,0.0,4.919980925828125,3.5263605246161616,4.477336814478207,1,0,0.0006568080418708488
2025-06-08 20:35:00+00:00,cowrie,ssh,83579ff5f4032e0f,81.17.25.0/24,150,0,59,101,2.358326551398242,1.9263653099136864,1.022740125656128,0.3933333333333333,0.6733333333333333,0.0,5.017279836814924,4.0943445622221,4.624972813284271,1,0,0.0008692127599634336
2025-06-10 00:05:00+00:00,cowrie,ssh,63bd1f233273a8a7,112.157.24.0/24,80,0,6,19,2.190883969528668,1.5269702778586858,1.2838239669799805,0.075,0.2375,0.0,4.394449154672439,1.9459101490553132,2.995732273553991,1,0,0.0011429279742066756
2025-06-12 04:05:00+00:00,cowrie,ssh,d7080781c28d86e4,3.130.96.0/24,3,0,3,2,3.31705292530797,52857.64208404223,0.002292156219482422,1.0,0.6666666666666666,0.0,1.3862943611198906,1.3862943611198906,1.0986122886681098,0,0,0.0013901458075379347
2025-06-16 21:35:00+00:00,cowrie,ssh,7da1d94d5d646595,111.160.133.0/24,94,0,4,87,1.2736381154736631,2.7407290631152215,2.3545420169830322,0.0425531914893617,0.925531914893617,0.0,4.553876891600541,1.6094379124341003,4.477336814478207,1,0,0.0015553267326925413
2025-06-08 19:55:00+00:00,cowrie,ssh,3226dc7cfbb21a8d,46.205.204.0/24,11,0,10,6,3.3112190864973106,1319.0842111110687,0.0015931129455566406,0.9090909090909091,0.5454545454545454,0.0,2.4849066497880004,2.3978952727983707,1.9459101490553132,0,0,0.0017400071164554998
2025-06-19 14:10:00+00:00,cowrie,ssh,f4106bc8b9b141ec,182.93.7.0/24,1,0,1,1,2.8453509366224368,49994.17990708351,49994.17990708351,1.0,1.0,0.0,0.6931471805599453,0.6931471805599453,0.6931471805599453,0,0,0.001955430722061724
2025-06-11 21:45:00+00:00,cowrie,ssh,aa3414219ce7ba32,111.172.228.0/24,100,0,2,85,1.2904014372205441,2.6791391491889955,2.376986026763916,0.02,0.85,0.0,4.61512051684126,1.0986122886681098,4.454347296253507,1,0,0.0024974125099144207
2025-06-15 18:00:00+00:00,cowrie,ssh,61308fb57ce888b2,54.36.122.0/24,125,0,55,86,2.763373373015398,1.1810312021163203,1.1712100505828857,0.44,0.688,0.0,4.836281906951478,4.02535169073515,4.465908118654584,1,0,0.002607080109243154
2025-06-11 13:40:00+00:00,cowrie,ssh,4b0a3884986dd72d,185.246.130.0/24,145,0,55,105,2.3729893421044466,1.1720367234328697,1.034883975982666,0.3793103448275862,0.7241379310344828,0.0,4.983606621708336,4.02535169073515,4.663439094112067,1,0,0.0032064313764909036
2025-06-18 04:30:00+00:00,cowrie,ssh,a2c87380126ab547,134.122.79.0/24,12,0,3,2,3.4155403947759986,355.5944005846977,0.0011861324310302734,0.25,0.16666666666666666,0.0,2.5649493574615367,1.3862943611198906,1.0986122886681098,0,0,0.00403080068968209
2025-06-13 03:30:00+00:00,cowrie,ssh,8dc6283c6c7795a1,139.19.117.0/24,2,0,1,0,2.75,1672.127954006195,0.04249691963195801,0.5,0.0,0.0,1.0986122886681098,0.6931471805599453,0.0,0,0,0.0040966360378066335
2025-06-17 18:00:00+00:00,cowrie,ssh,88a502b897601f10,218.145.181.0/24,78,0,6,19,2.315762780174032,1.3944618547117555,1.2495458126068115,0.07692307692307693,0.24358974358974358,0.0,4.3694478524670215,1.9459101490553132,2.995732273553991,1,0,0.004147361164186569
2025-06-11 15:55:00+00:00,cowrie,ssh,8dc6283c6c7795a1,139.19.117.0/24,2,0,1,0,2.75,1966.092262506485,0.03786301612854004,0.5,0.0,0.0,1.0986122886681098,0.6931471805599453,0.0,0,0,0.004313216288395316
2025-06-11 22:50:00+00:00,cowrie,ssh,8dc6283c6c7795a1,139.19.117.0/24,2,0,1,0,2.75,1677.1103919744492,0.036348819732666016,0.5,0.0,0.0,1.0986122886681098,0.6931471805599453,0.0,0,0,0.004358124204653757
2025-06-19 19:10:00+00:00,cowrie,ssh,4e2493077d8eff80,51.195.190.0/24,10,0,9,5,3.773462903796773,7.810214996337891,0.0015110969543457031,0.9,0.5,0.0,2.3978952727983707,2.302585092994046,1.791759469228055,0,0,0.004531372206872275
2025-06-10 08:50:00+00:00,cowrie,ssh,f7888d4d943ac3be,51.195.190.0/24,10,0,9,5,3.773462903796773,7.816038131713867,0.0019741058349609375,0.9,0.5,0.0,2.3978952727983707,2.302585092994046,1.791759469228055,0,0,0.004531372206872275
2025-06-12 05:45:00+00:00,cowrie,ssh,8dc6283c6c7795a1,139.19.117.0/24,2,0,1,0,2.75,1703.0900609493256,0.03748607635498047,0.5,0.0,0.0,1.0986122886681098,0.6931471805599453,0.0,0,0,0.004574616010545873
2025-06-14 13:00:00+00:00,cowrie,ssh,a5005077b1e5232f,59.15.99.0/24,71,0,7,21,2.226903572368274,1.7707269695443166,1.273874044418335,0.09859154929577464,0.29577464788732394,0.0,4.276666119016055,2.0794415416798357,3.091042453358316,1,0,0.004649172856592276
2025-06-13 00:35:00+00:00,cowrie,ssh,8dc6283c6c7795a1,139.19.117.0/24,2,0,1,0,2.75,1813.8447995185852,0.3080170154571533,0.5,0.0,0.0,1.0986122886681098,0.6931471805599453,0.0,0,0,0.0049176520970287685
2025-06-19 09:35:00+00:00,cowrie,ssh,83579ff5f4032e0f,81.17.25.0/24,156,0,63,112,2.361051332364091,1.8799691276672559,1.027522087097168,0.40384615384615385,0.717948717948718,0.0,5.056245805348308,4.1588830833596715,4.727387818712341,1,0,0.004920831868340914
2025-06-13 10:25:00+00:00,cowrie,ssh,8dc6283c6c7795a1,139.19.117.0/24,2,0,1,0,2.75,1663.0057339668274,0.026875972747802734,0.5,0.0,0.0,1.0986122886681098,0.6931471805599453,0.0,0,0,0.004962517607911776
2025-06-11 23:50:00+00:00,cowrie,ssh,8dc6283c6c7795a1,139.19.117.0/24,2,0,1,0,2.75,1801.288698554039,0.03756403923034668,0.5,0.0,0.0,1.0986122886681098,0.6931471805599453,0.0,0,0,0.004962517607911776
2025-06-13 13:25:00+00:00,cowrie,ssh,8dc6283c6c7795a1,139.19.117.0/24,2,0,1,0,2.75,1801.2834714651108,0.0575709342956543,0.5,0.0,0.0,1.0986122886681098,0.6931471805599453,0.0,0,0,0.004962517607911776
2025-06-11 14:50:00+00:00,cowrie,ssh,8dc6283c6c7795a1,139.19.117.0/24,2,0,1,0,2.75,1685.8075569868088,0.019327878952026367,0.5,0.0,0.0,1.0986122886681098,0.6931471805599453,0.0,0,0,0.005007379971167181
2025-06-12 13:40:00+00:00,cowrie,ssh,8dc6283c6c7795a1,139.19.117.0/24,2,0,1,0,2.75,1800.1742424964905,0.07959890365600586,0.5,0.0,0.0,1.0986122886681098,0.6931471805599453,0.0,0,0,0.005178804986231245
2025-06-11 07:55:00+00:00,cowrie,ssh,8dc6283c6c7795a1,139.19.117.0/24,2,0,1,0,2.75,1794.2660989761353,0.02211785316467285,0.5,0.0,0.0,1.0986122886681098,0.6931471805599453,0.0,0,0,0.005178804986231245
2025-06-12 08:45:00+00:00,cowrie,ssh,8dc6283c6c7795a1,139.19.117.0/24,2,0,1,0,2.75,1800.6713559627533,0.03675985336303711,0.5,0.0,0.0,1.0986122886681098,0.6931471805599453,0.0,0,0,0.005178804986231245
2025-06-13 04:30:00+00:00,cowrie,ssh,8dc6283c6c7795a1,139.19.117.0/24,2,0,1,0,2.75,1800.838748574257,0.0386199951171875,0.5,0.0,0.0,1.0986122886681098,0.6931471805599453,0.0,0,0,0.005178804986231245
2025-06-17 14:35:00+00:00,cowrie,ssh,0d339228fe13dc1f,94.154.172.0/24,1,0,1,1,1.5,32282.320192098618,32282.320192098618,1.0,1.0,0.0,0.6931471805599453,0.6931471805599453,0.6931471805599453,0,0,0.005220978074817473
2025-06-12 19:35:00+00:00,cowrie,ssh,8dc6283c6c7795a1,139.19.117.0/24,2,0,1,0,2.75,1713.9779410362244,0.03487396240234375,0.5,0.0,0.0,1.0986122886681098,0.6931471805599453,0.0,0,0,0.005223652175422866
2025-06-14 02:05:00+00:00,cowrie,ssh,83579ff5f4032e0f,81.17.25.0/24,146,0,59,106,2.3455715988322696,2.0526755476651126,1.0218431949615479,0.4041095890410959,0.726027397260274,0.0,4.990432586778736,4.0943445622221,4.672828834461906,1,0,0.005327498619962956
2025-06-12 16:40:00+00:00,cowrie,ssh,8dc6283c6c7795a1,139.19.117.0/24,2,0,1,0,2.75,1799.9035019874573,0.022070884704589844,0.5,0.0,0.0,1.0986122886681098,0.6931471805599453,0.0,0,0,0.005395019208385365
2025-06-12 12:40:00+00:00,cowrie,ssh,8dc6283c6c7795a1,139.19.117.0/24,2,0,1,0,2.75,1797.4882464408875,0.03414297103881836,0.5,0.0,0.0,1.0986122886681098,0.6931471805599453,0.0,0,0,0.005395019208385365
2025-06-12 15:40:00+00:00,cowrie,ssh,8dc6283c6c7795a1,139.19.117.0/24,2,0,1,0,2.75,1799.6888774633408,0.03139686584472656,0.5,0.0,0.0,1.0986122886681098,0.6931471805599453,0.0,0,0,0.005395019208385365
2025-06-13 17:20:00+00:00,cowrie,ssh,8dc6283c6c7795a1,139.19.117.0/24,2,0,1,0,2.75,1718.614751458168,0.03215289115905762,0.5,0.0,0.0,1.0986122886681098,0.6931471805599453,0.0,0,0,0.0054398512286456535
2025-06-11 08:55:00+00:00,cowrie,ssh,8dc6283c6c7795a1,139.19.117.0/24,2,0,1,0,2.75,1800.1708110570908,0.0354771614074707,0.5,0.0,0.0,1.0986122886681098,0.6931471805599453,0.0,0,0,0.005611160299118123
2025-06-11 17:55:00+00:00,cowrie,ssh,8dc6283c6c7795a1,139.19.117.0/24,2,0,1,0,2.75,1800.3202514648438,0.02160191535949707,0.5,0.0,0.0,1.0986122886681098,0.6931471805599453,0.0,0,0,0.005611160299118123
2025-06-12 09:45:00+00:00,cowrie,ssh,8dc6283c6c7795a1,139.19.117.0/24,2,0,1,0,2.75,1800.1245210170746,0.02177596092224121,0.5,0.0,0.0,1.0986122886681098,0.6931471805599453,0.0,0,0,0.005611160299118123
2025-06-13 20:20:00+00:00,cowrie,ssh,8dc6283c6c7795a1,139.19.117.0/24,2,0,1,0,2.75,1800.2342925071716,0.021474123001098633,0.5,0.0,0.0,1.0986122886681098,0.6931471805599453,0.0,0,0,0.005611160299118123
2025-06-12 20:35:00+00:00,cowrie,ssh,8dc6283c6c7795a1,139.19.117.0/24,2,0,1,0,2.75,1799.8745305538177,0.03049612045288086,0.5,0.0,0.0,1.0986122886681098,0.6931471805599453,0.0,0,0,0.005611160299118123
2025-06-12 21:35:00+00:00,cowrie,ssh,8dc6283c6c7795a1,139.19.117.0/24,2,0,1,0,2.75,1800.2537524700165,0.020708084106445312,0.5,0.0,0.0,1.0986122886681098,0.6931471805599453,0.0,0,0,0.005611160299118123
2025-06-11 09:55:00+00:00,cowrie,ssh,8dc6283c6c7795a1,139.19.117.0/24,2,0,1,0,2.75,1799.7180284261703,0.02752995491027832,0.5,0.0,0.0,1.0986122886681098,0.6931471805599453,0.0,0,0,0.005611160299118123
2025-06-13 19:20:00+00:00,cowrie,ssh,8dc6283c6c7795a1,139.19.117.0/24,2,0,1,0,2.75,1799.867761015892,0.0342710018157959,0.5,0.0,0.0,1.0986122886681098,0.6931471805599453,0.0,0,0,0.005611160299118123
2025-06-13 05:30:00+00:00,cowrie,ssh,8dc6283c6c7795a1,139.19.117.0/24,2,0,1,0,2.75,1801.4891330003738,0.031690120697021484,0.5,0.0,0.0,1.0986122886681098,0.6931471805599453,0.0,0,0,0.005611160299118123
2025-06-14 12:55:00+00:00,cowrie,ssh,a5005077b1e5232f,59.15.99.0/24,66,0,5,18,2.1744392224683504,1.5576703695150522,1.2789490222930908,0.07575757575757576,0.2727272727272727,0.0,4.204692619390966,1.791759469228055,2.9444389791664403,1,0,0.005711505886284107
2025-06-12 06:45:00+00:00,cowrie,ssh,8dc6283c6c7795a1,139.19.117.0/24,2,0,1,0,2.75,1801.1935064792633,0.024387836456298828,0.5,0.0,0.0,1.0986122886681098,0.6931471805599453,0.0,0,0,0.005827228283165398
2025-06-13 07:30:00+00:00,cowrie,ssh,8dc6283c6c7795a1,139.19.117.0/24,2,0,1,0,2.75,1800.6743865013123,0.03428483009338379,0.5,0.0,0.0,1.0986122886681098,0.6931471805599453,0.0,0,0,0.005827228283165398
2025-06-12 00:50:00+00:00,cowrie,ssh,8dc6283c6c7795a1,139.19.117.0/24,2,0,1,0,2.75,1800.758474946022,0.03222799301147461,0.5,0.0,0.0,1.0986122886681098,0.6931471805599453,0.0,0,0,0.005827228283165398
2025-06-12 01:50:00+00:00,cowrie,ssh,8dc6283c6c7795a1,139.19.117.0/24,2,0,1,0,2.75,1800.418872475624,0.033110857009887695,0.5,0.0,0.0,1.0986122886681098,0.6931471805599453,0.0,0,0,0.005827228283165398
2025-06-13 06:30:00+00:00,cowrie,ssh,8dc6283c6c7795a1,139.19.117.0/24,2,0,1,0,2.75,1800.7653539180756,0.03223991394042969,0.5,0.0,0.0,1.0986122886681098,0.6931471805599453,0.0,0,0,0.005827228283165398
2025-06-11 19:55:00+00:00,cowrie,ssh,8dc6283c6c7795a1,139.19.117.0/24,2,0,1,0,2.75,1799.9276895523071,0.028548002243041992,0.5,0.0,0.0,1.0986122886681098,0.6931471805599453,0.0,0,0,0.005827228283165398
2025-06-11 18:55:00+00:00,cowrie,ssh,8dc6283c6c7795a1,139.19.117.0/24,2,0,1,0,2.75,1799.9738589525223,0.03352689743041992,0.5,0.0,0.0,1.0986122886681098,0.6931471805599453,0.0,0,0,0.005827228283165398
2025-06-12 02:50:00+00:00,cowrie,ssh,8dc6283c6c7795a1,139.19.117.0/24,2,0,1,0,2.75,1800.712839603424,0.03324413299560547,0.5,0.0,0.0,1.0986122886681098,0.6931471805599453,0.0,0,0,0.005827228283165398
2025-06-13 11:25:00+00:00,cowrie,ssh,8dc6283c6c7795a1,139.19.117.0/24,2,0,1,0,2.75,1801.2344784736633,0.027426958084106445,0.5,0.0,0.0,1.0986122886681098,0.6931471805599453,0.0,0,0,0.005827228283165398
2025-06-18 04:30:00+00:00,cowrie,ssh,c69a78edfd4aee04,164.92.181.0/24,12,0,3,2,3.4155403947759986,0.015898726203224876,0.0010399818420410156,0.25,0.16666666666666666,0.0,2.5649493574615367,1.3862943611198906,1.0986122886681098,0,0,0.005995398247842232
2025-06-12 07:45:00+00:00,cowrie,ssh,8dc6283c6c7795a1,139.19.117.0/24,2,0,1,0,2.75,1799.9923825263977,0.02755594253540039,0.5,0.0,0.0,1.0986122886681098,0.6931471805599453,0.0,0,0,0.006043223185254298
2025-06-13 18:20:00+00:00,cowrie,ssh,8dc6283c6c7795a1,139.19.117.0/24,2,0,1,0,2.75,1800.8970274925232,0.025074005126953125,0.5,0.0,0.0,1.0986122886681098,0.6931471805599453,0.0,0,0,0.006043223185254298
2025-06-12 14:40:00+00:00,cowrie,ssh,8dc6283c6c7795a1,139.19.117.0/24,2,0,1,0,2.75,1800.12981903553,0.02893805503845215,0.5,0.0,0.0,1.0986122886681098,0.6931471805599453,0.0,0,0,0.006043223185254298
2025-06-11 10:55:00+00:00,cowrie,ssh,8dc6283c6c7795a1,139.19.117.0/24,2,0,1,0,2.75,1800.1651775836945,0.024070024490356445,0.5,0.0,0.0,1.0986122886681098,0.6931471805599453,0.0,0,0,0.006043223185254298
2025-06-13 12:25:00+00:00,cowrie,ssh,8dc6283c6c7795a1,139.19.117.0/24,2,0,1,0,2.75,1800.212485551834,0.028491973876953125,0.5,0.0,0.0,1.0986122886681098,0.6931471805599453,0.0,0,0,0.006043223185254298
2025-06-11 16:55:00+00:00,cowrie,ssh,8dc6283c6c7795a1,139.19.117.0/24,2,0,1,0,2.75,1800.3963570594788,0.029607057571411133,0.5,0.0,0.0,1.0986122886681098,0.6931471805599453,0.0,0,0,0.006043223185254298
2025-06-11 11:55:00+00:00,cowrie,ssh,8dc6283c6c7795a1,139.19.117.0/24,2,0,1,0,2.75,1800.084165930748,0.02849888801574707,0.5,0.0,0.0,1.0986122886681098,0.6931471805599453,0.0,0,0,0.006043223185254298
2025-06-12 22:35:00+00:00,cowrie,ssh,8dc6283c6c7795a1,139.19.117.0/24,2,0,1,0,2.75,1800.3743104934692,0.029453039169311523,0.5,0.0,0.0,1.0986122886681098,0.6931471805599453,0.0,0,0,0.006043223185254298
2025-06-12 23:35:00+00:00,cowrie,ssh,8dc6283c6c7795a1,139.19.117.0/24,2,0,1,0,2.75,1800.5039194822311,0.029687881469726562,0.5,0.0,0.0,1.0986122886681098,0.6931471805599453,0.0,0,0,0.006043223185254298
2025-06-13 14:25:00+00:00,cowrie,ssh,8dc6283c6c7795a1,139.19.117.0/24,2,0,1,0,2.75,1800.7660820484161,0.029654979705810547,0.5,0.0,0.0,1.0986122886681098,0.6931471805599453,0.0,0,0,0.006043223185254298
2025-06-13 21:20:00+00:00,cowrie,ssh,8dc6283c6c7795a1,139.19.117.0/24,2,0,1,0,2.75,1799.9456030130386,0.023617029190063477,0.5,0.0,0.0,1.0986122886681098,0.6931471805599453,0.0,0,0,0.006043223185254298
2025-06-18 03:20:00+00:00,cowrie,ssh,a2c87380126ab547,134.122.79.0/24,12,0,3,2,3.4155403947759986,0.015100284056230024,0.0011780261993408203,0.25,0.16666666666666666,0.0,2.5649493574615367,1.3862943611198906,1.0986122886681098,0,0,0.006211336268804546
2025-06-19 23:05:00+00:00,cowrie,ssh,4b0a3884986dd72d,185.246.130.0/24,54,0,23,38,2.2314928410510304,3120.170014610997,1.0341789722442627,0.42592592592592593,0.7037037037037037,0.0,4.007333185232471,3.1780538303479458,3.6635616461296463,1,0,0.006489249394265761
2025-06-14 19:20:00+00:00,cowrie,ssh,4b0a3884986dd72d,185.246.130.0/24,34,0,15,25,2.233953458634448,8227.37038173395,1.0384399890899658,0.4411764705882353,0.7352941176470589,0.0,3.5553480614894135,2.772588722239781,3.258096538021482,1,0,0.006688425855514213
2025-06-10 11:00:00+00:00,cowrie,ssh,13a3a3099d1ab38e,138.197.165.0/24,26,0,1,0,2.75,0.32134103775024414,0.10764408111572266,0.038461538461538464,0.0,0.0,3.295836866004329,0.6931471805599453,0.0,1,0,0.006743989413974472
2025-06-14 19:50:00+00:00,cowrie,ssh,4559078f0a1fb784,103.253.146.0/24,26,0,1,0,2.75,0.4958047962188721,0.16231703758239746,0.038461538461538464,0.0,0.0,3.295836866004329,0.6931471805599453,0.0,1,0,0.006959674234497948
2025-06-17 18:05:00+00:00,cowrie,ssh,88a502b897601f10,218.145.181.0/24,70,0,8,21,2.3441479142979795,1.5674722739628384,1.2491331100463867,0.11428571428571428,0.3,0.0,4.2626798770413155,2.1972245773362196,3.091042453358316,1,0,0.007136129224980303
2025-06-12 14:45:00+00:00,cowrie,ssh,bd12258e1a24b5cd,170.64.236.0/24,26,0,1,0,2.75,0.8433256340026856,0.27178311347961426,0.038461538461538464,0.0,0.0,3.295836866004329,0.6931471805599453,0.0,1,0,0.007175286102662826
2025-06-16 18:00:00+00:00,cowrie,ssh,96bde6ac645782c9,206.189.100.0/24,26,0,1,0,2.75,0.05491732597351074,0.016078948974609375,0.038461538461538464,0.0,0.0,3.295836866004329,0.6931471805599453,0.0,1,0,0.007175286102662826
2025-06-18 15:45:00+00:00,cowrie,ssh,8660a676a5559e0a,161.35.201.0/24,26,0,1,0,2.75,0.03288740158081055,0.007375955581665039,0.038461538461538464,0.0,0.0,3.295836866004329,0.6931471805599453,0.0,1,0,0.007175286102662826
2025-06-19 18:25:00+00:00,cowrie,ssh,423ac948f7416348,92.118.39.0/24,1,0,1,1,2.251629167387823,46342.82900214195,46342.82900214195,1.0,1.0,0.0,0.6931471805599453,0.6931471805599453,0.6931471805599453,0,0,0.007192283251756915
2025-06-08 21:10:00+00:00,cowrie,ssh,c6dd0f66c47f4e9b,167.71.34.0/24,3,0,2,1,4.1875,2.8589460849761963,0.30399203300476074,0.6666666666666666,0.3333333333333333,0.0,1.3862943611198906,1.0986122886681098,0.6931471805599453,0,0,0.007267009368088773
2025-06-16 23:35:00+00:00,cowrie,ssh,423ac948f7416348,92.118.39.0/24,1,0,1,1,2.251629167387823,45860.97401404381,45860.97401404381,1.0,1.0,0.0,0.6931471805599453,0.6931471805599453,0.6931471805599453,0,0,0.007838664147501673
2025-06-11 06:00:00+00:00,cowrie,ssh,5c0da12b01858580,79.124.8.0/24,2,0,2,2,0.9609640474436811,103644.05018150806,0.003428936004638672,1.0,1.0,0.0,1.0986122886681098,1.0986122886681098,1.0986122886681098,0,0,0.007994929024505493
2025-06-11 19:55:00+00:00,cowrie,ssh,766599c2167b805a,121.204.165.0/24,93,0,2,85,1.2529305120310503,2.6291650430015894,2.4236509799957275,0.021505376344086023,0.9139784946236559,0.0,4.543294782270004,1.0986122886681098,4.454347296253507,1,0,0.008422128774679294
2025-06-20 20:40:00+00:00,cowrie,ssh,ec721d082cbf7762,176.65.148.0/24,10,0,5,8,2.5326815597050834,44380.95933377743,1.1206269264221191,0.5,0.8,0.0,2.3978952727983707,1.791759469228055,2.1972245773362196,0,0,0.008479861493262852
2025-06-18 20:45:00+00:00,cowrie,ssh,bdc3f41b5e2f7e67,185.217.1.0/24,52,0,22,37,2.2216130867320936,3244.6537626523236,1.0355958938598633,0.4230769230769231,0.7115384615384616,0.0,3.970291913552122,3.1354942159291497,3.6375861597263857,1,0,0.009143973407761852
2025-06-20 22:25:00+00:00,cowrie,ssh,6f44993e5d21fb7b,103.140.126.0/24,2,0,1,2,3.0,488856.48922109604,143.23426008224487,0.5,1.0,0.0,1.0986122886681098,0.6931471805599453,1.0986122886681098,0,0,0.009198374074250393
>>>>>>> e8218a5acbde141b3dfedb5db2572d033eb5b4c6
